{"lower_train Pinball loss": 0.8916400074958801, "lower_step": 700, "lower_epoch": 99, "lower_optimizer": "adam", "_timestamp": 1725294892.001315, "_runtime": 532.9012842178345, "_step": 404, "lower_val Pinball loss": 0.9481927156448364, "upper_train Pinball loss": 1.009260892868042, "upper_step": 700, "upper_epoch": 99, "upper_optimizer": "adam", "upper_val Pinball loss": 1.0002678632736206, "Test set Pinball Loss_lower_test": 1.0046125650405884, "Test set Pinball Loss_upper_test": 15.452871322631836, "Test set Pinball Loss_lower_cal": 0.9792819023132324, "Test set Pinball Loss_upper_cal": 13.4953031539917, "CQR coverage": 0.11529280712921708, "_wandb": {"runtime": 532}}