{"lower_train Pinball loss": 0.6134576286588397, "lower_step": 700, "lower_epoch": 99, "lower_optimizer": "adam", "_timestamp": 1725182535.739845, "_runtime": 398.70638608932495, "_step": 404, "lower_val Pinball loss": 1.109572172164917, "upper_train Pinball loss": 0.7931871243885585, "upper_step": 700, "upper_epoch": 99, "upper_optimizer": "adam", "upper_val Pinball loss": 0.9716086387634277, "Test set Pinball Loss_lower_test": 0.9994702339172363, "Test set Pinball Loss_upper_test": 11.37345027923584, "Test set Pinball Loss_lower_cal": 0.9340112209320068, "Test set Pinball Loss_upper_cal": 11.464468002319336, "CQR coverage": 0.2898507462686567, "_wandb": {"runtime": 397}}