{"quantiles_train Quantile loss": 4.587367614110311, "quantiles_step": 1200, "quantiles_epoch": 199, "quantiles_optimizer": "adam", "_timestamp": 1731456339.315288, "_runtime": 269.96559715270996, "_step": 402, "quantiles_val Quantile loss": 6.886897087097168, "Test set Quantile Loss_uncalibrated": 8.70475959777832, "Test set Quantile Loss_calibration_samples": 6.908210277557373, "CQR coverage": 0.9128284689227188, "RMSE": 14.99398422241211, "_wandb": {"runtime": 268}}