{"lower_train Pinball loss": 0.6814639568328857, "lower_step": 2100, "lower_epoch": 299, "lower_optimizer": "adam", "_timestamp": 1725004780.211893, "_runtime": 1965.962898015976, "_step": 1204, "lower_val Pinball loss": 0.9852316379547119, "upper_train Pinball loss": 0.773863502911159, "upper_step": 2100, "upper_epoch": 299, "upper_optimizer": "adam", "upper_val Pinball loss": 0.99407958984375, "Test set Pinball Loss_lower_test": 1.2238197326660156, "Test set Pinball Loss_upper_test": 11.34487247467041, "Test set Pinball Loss_lower_cal": 0.9456868171691895, "Test set Pinball Loss_upper_cal": 10.198501586914062, "CQR coverage": 0.35327816677275625, "_wandb": {"runtime": 1965}}