{"lower_train Pinball loss": 0.6267614449773516, "lower_step": 700, "lower_epoch": 99, "lower_optimizer": "adam", "_timestamp": 1725183311.012737, "_runtime": 232.8453130722046, "_step": 404, "lower_val Pinball loss": 1.133244514465332, "upper_train Pinball loss": 0.7857991031238011, "upper_step": 700, "upper_epoch": 99, "upper_optimizer": "adam", "upper_val Pinball loss": 0.9221671223640442, "Test set Pinball Loss_lower_test": 1.0464943647384644, "Test set Pinball Loss_upper_test": 10.537610054016113, "Test set Pinball Loss_lower_cal": 0.9655767679214478, "Test set Pinball Loss_upper_cal": 11.491957664489746, "CQR coverage": 0.3359203980099502, "_wandb": {"runtime": 232}}