{"quantiles_train Quantile loss": 4.652388334274292, "quantiles_step": 1200, "quantiles_epoch": 199, "quantiles_optimizer": "adam", "_timestamp": 1731458090.0510972, "_runtime": 272.23664021492004, "_step": 402, "quantiles_val Quantile loss": 6.824982166290283, "Test set Quantile Loss_uncalibrated": 8.064723014831543, "Test set Quantile Loss_calibration_samples": 6.762939453125, "CQR coverage": 0.9265974983031126, "RMSE": 13.9426908493042, "_wandb": {"runtime": 271}}