{"quantiles_train Quantile loss": 5.869763215382894, "quantiles_step": 1200, "quantiles_epoch": 199, "quantiles_optimizer": "adam", "_timestamp": 1731249988.00933, "_runtime": 461.8406980037689, "_step": 402, "quantiles_val Quantile loss": 6.976285457611084, "Test set Quantile Loss_uncalibrated": 8.08767032623291, "Test set Quantile Loss_calibration_samples": 7.026501178741455, "CQR coverage": 0.9410529473526323, "RMSE": 13.18705940246582, "_wandb": {"runtime": 461}}