{"lower_train Pinball loss": 6.585992131914411, "lower_step": 7, "lower_epoch": 0, "lower_optimizer": "adam", "_timestamp": 1725034526.9968529, "_runtime": 26.023128986358643, "_step": 8, "lower_val Pinball loss": 1.3519985675811768, "upper_train Pinball loss": 26.532021113804408, "upper_step": 7, "upper_epoch": 0, "upper_optimizer": "adam", "upper_val Pinball loss": 25.58836555480957, "Test set Pinball Loss_lower_test": 1.2807968854904175, "Test set Pinball Loss_upper_test": 23.8293399810791, "Test set Pinball Loss_lower_cal": 1.4034782648086548, "Test set Pinball Loss_upper_cal": 1.4525587558746338, "CQR coverage": 0.9639560789306174, "_wandb": {"runtime": 25}}