{"quantiles_train Quantile loss": 6.356947183609009, "quantiles_step": 1200, "quantiles_epoch": 199, "quantiles_optimizer": "adam", "_timestamp": 1725472399.008988, "_runtime": 633.0249710083008, "_step": 402, "quantiles_val Quantile loss": 7.471420764923096, "Test set Quantile Loss_uncalibrated": 8.410858154296875, "Test set Quantile Loss_calibration_samples": 7.51526403427124, "CQR coverage": 0.8190340482975851, "RMSE": 15.613773345947266, "_wandb": {"runtime": 632}}