{"quantiles_train Quantile loss": 5.635593163339715, "quantiles_step": 3800, "quantiles_epoch": 199, "quantiles_optimizer": "adam", "_timestamp": 1731097436.029887, "_runtime": 1665.2806210517883, "_step": 399, "quantiles_val Quantile loss": 6.743136405944824, "_wandb": {"runtime": 1664}}