{"quantiles_train Quantile loss": 5.0000819365183515, "quantiles_step": 1200, "quantiles_epoch": 199, "quantiles_optimizer": "adam", "_timestamp": 1732876998.174518, "_runtime": 317.1616849899292, "_step": 402, "quantiles_val Quantile loss": 6.413987159729004, "Test set Quantile Loss_uncalibrated": 8.114463806152344, "Test set Quantile Loss_calibration_samples": 6.400956630706787, "CQR coverage": 0.9189372636478231, "RMSE": 15.884687423706055, "_wandb": {"runtime": 316}}