{"quantiles_train Quantile loss": 4.881537119547526, "quantiles_step": 1200, "quantiles_epoch": 199, "quantiles_optimizer": "adam", "_timestamp": 1732884205.294314, "_runtime": 502.3934178352356, "_step": 402, "quantiles_val Quantile loss": 5.427848815917969, "Test set Quantile Loss_uncalibrated": 6.692312717437744, "Test set Quantile Loss_calibration_samples": 5.518777370452881, "CQR coverage": 0.9379031048447578, "RMSE": 17.198156356811523, "_wandb": {"runtime": 501}}