{"quantiles_train Quantile loss": 4.992380142211914, "quantiles_step": 1200, "quantiles_epoch": 199, "quantiles_optimizer": "adam", "_timestamp": 1732886766.3274748, "_runtime": 407.68438172340393, "_step": 402, "quantiles_val Quantile loss": 6.000263214111328, "Test set Quantile Loss_uncalibrated": 6.787588119506836, "Test set Quantile Loss_calibration_samples": 5.802396297454834, "CQR coverage": 0.935803209839508, "RMSE": 17.18010139465332, "_wandb": {"runtime": 406}}