{"lower_train Pinball loss": 0.5391396369252887, "lower_step": 1050, "lower_epoch": 149, "lower_optimizer": "adam", "_timestamp": 1725007570.362585, "_runtime": 407.58497405052185, "_step": 604, "lower_val Pinball loss": 1.222581148147583, "upper_train Pinball loss": 0.7244859422956195, "upper_step": 1050, "upper_epoch": 149, "upper_optimizer": "adam", "upper_val Pinball loss": 1.001348614692688, "Test set Pinball Loss_lower_test": 1.1267198324203491, "Test set Pinball Loss_upper_test": 10.085347175598145, "Test set Pinball Loss_lower_cal": 1.0680164098739624, "Test set Pinball Loss_upper_cal": 10.352392196655273, "CQR coverage": 0.4314427860696517, "_wandb": {"runtime": 406}}