{"quantiles_train Quantile loss": 12.27294941952354, "quantiles_step": 38, "quantiles_epoch": 1, "quantiles_optimizer": "adam", "_timestamp": 1729248680.349925, "_runtime": 42.53527903556824, "_step": 4, "quantiles_val Quantile loss": 10.276844024658203, "Test set Quantile Loss_uncalibrated": 10.08985424041748, "_wandb": {"runtime": 570}}