{"lower_train Pinball loss": 0.9271724649838039, "lower_step": 700, "lower_epoch": 99, "lower_optimizer": "adam", "_timestamp": 1725287596.9774022, "_runtime": 475.08772325515747, "_step": 404, "lower_val Pinball loss": 1.0156641006469727, "upper_train Pinball loss": 1.008637249469757, "upper_step": 700, "upper_epoch": 99, "upper_optimizer": "adam", "upper_val Pinball loss": 1.0505993366241455, "Test set Pinball Loss_lower_test": 1.0664608478546143, "Test set Pinball Loss_upper_test": 16.157394409179688, "Test set Pinball Loss_lower_cal": 0.9944767355918884, "Test set Pinball Loss_upper_cal": 13.80668830871582, "CQR coverage": 0.10810596446700504, "_wandb": {"runtime": 475}}