{"quantiles_train Quantile loss": 6.833029826482137, "quantiles_step": 1200, "quantiles_epoch": 199, "quantiles_optimizer": "adam", "_timestamp": 1731202638.390604, "_runtime": 427.5594379901886, "_step": 402, "quantiles_val Quantile loss": 6.906223773956299, "Test set Quantile Loss_uncalibrated": 8.105804443359375, "Test set Quantile Loss_calibration_samples": 6.879708290100098, "CQR coverage": 0.932428378581071, "RMSE": 14.773224830627441, "_wandb": {"runtime": 426}}