{"quantiles_train Quantile loss": 126.23540735244751, "quantiles_step": 6, "quantiles_epoch": 0, "quantiles_optimizer": "adam", "_timestamp": 1725411226.671264, "_runtime": 14.874374866485596, "_step": 3, "quantiles_val Quantile loss": 14.357694625854492, "Test set Quantile Loss_quantiles_test": 13.910271644592285, "Test set Quantile Loss_quantiles_cal": 14.236953735351562, "_wandb": {"runtime": 14}}