{"quantiles_train Quantile loss": 5.635798353897898, "quantiles_step": 3800, "quantiles_epoch": 199, "quantiles_optimizer": "adam", "_timestamp": 1731111320.237491, "_runtime": 1249.4473459720612, "_step": 402, "quantiles_val Quantile loss": 6.552783489227295, "Test set Quantile Loss_uncalibrated": 8.015015602111816, "Test set Quantile Loss_calibration_samples": 6.609793663024902, "CQR coverage": 0.9419256864329978, "RMSE": 14.504521369934082, "_wandb": {"runtime": 1248}}