{"lower_train Pinball loss": 3.5373525500297545, "lower_step": 20, "lower_epoch": 0, "lower_optimizer": "adam", "_timestamp": 1725034742.992055, "_runtime": 51.34985303878784, "_step": 8, "lower_val Pinball loss": 1.555834412574768, "upper_train Pinball loss": 28.503420639038087, "upper_step": 20, "upper_epoch": 0, "upper_optimizer": "adam", "upper_val Pinball loss": 27.781173706054688, "Test set Pinball Loss_lower_test": 1.4444226026535034, "Test set Pinball Loss_upper_test": 26.888486862182617, "Test set Pinball Loss_lower_cal": 1.5412803888320923, "Test set Pinball Loss_upper_cal": 1.504086971282959, "CQR coverage": 0.926781766501737, "_wandb": {"runtime": 50}}