{"quantiles_train Quantile loss": 5.054710149765015, "quantiles_step": 1200, "quantiles_epoch": 199, "quantiles_optimizer": "adam", "_timestamp": 1732885922.513509, "_runtime": 411.1135621070862, "_step": 402, "quantiles_val Quantile loss": 6.0075225830078125, "Test set Quantile Loss_uncalibrated": 6.771604061126709, "Test set Quantile Loss_calibration_samples": 5.807864665985107, "CQR coverage": 0.9421778911054447, "RMSE": 17.722307205200195, "_wandb": {"runtime": 410}}