{"quantiles_train Quantile loss": 5.894596099853516, "quantiles_step": 1200, "quantiles_epoch": 199, "quantiles_optimizer": "adam", "_timestamp": 1731248567.024113, "_runtime": 454.8235778808594, "_step": 402, "quantiles_val Quantile loss": 7.072023391723633, "Test set Quantile Loss_uncalibrated": 8.26860523223877, "Test set Quantile Loss_calibration_samples": 7.08398962020874, "CQR coverage": 0.935653217339133, "RMSE": 14.338114738464355, "_wandb": {"runtime": 454}}