{"quantiles_train Quantile loss": 4.899516503016154, "quantiles_step": 1200, "quantiles_epoch": 199, "quantiles_optimizer": "adam", "_timestamp": 1732882597.6658418, "_runtime": 521.0030508041382, "_step": 402, "quantiles_val Quantile loss": 5.95222282409668, "Test set Quantile Loss_uncalibrated": 6.858150482177734, "Test set Quantile Loss_calibration_samples": 5.739127159118652, "CQR coverage": 0.9307784610769462, "RMSE": 16.914121627807617, "_wandb": {"runtime": 520}}