{"quantiles_train Quantile loss": 6.295767625172933, "quantiles_step": 1200, "quantiles_epoch": 199, "quantiles_optimizer": "adam", "_timestamp": 1731200424.266619, "_runtime": 426.55501198768616, "_step": 402, "quantiles_val Quantile loss": 7.2525715827941895, "Test set Quantile Loss_uncalibrated": 8.751448631286621, "Test set Quantile Loss_calibration_samples": 7.27880334854126, "CQR coverage": 0.9305534723263836, "RMSE": 15.26335620880127, "_wandb": {"runtime": 425}}