{"quantiles_train Quantile loss": 4.347328424453735, "quantiles_step": 1200, "quantiles_epoch": 199, "quantiles_optimizer": "adam", "_timestamp": 1732879730.7320142, "_runtime": 297.8688471317291, "_step": 402, "quantiles_val Quantile loss": 5.074746131896973, "Test set Quantile Loss_uncalibrated": 6.422220230102539, "Test set Quantile Loss_calibration_samples": 5.294388771057129, "CQR coverage": 0.9246581983903811, "RMSE": 16.871105194091797, "_wandb": {"runtime": 297}}