{"quantiles_train Quantile loss": 4.271507263183594, "quantiles_step": 1200, "quantiles_epoch": 199, "quantiles_optimizer": "adam", "_timestamp": 1732880402.575636, "_runtime": 344.4604480266571, "_step": 402, "quantiles_val Quantile loss": 5.460655212402344, "Test set Quantile Loss_uncalibrated": 6.209818363189697, "Test set Quantile Loss_calibration_samples": 5.282466888427734, "CQR coverage": 0.9353243479104043, "RMSE": 14.681414604187012, "_wandb": {"runtime": 343}}