{"quantiles_train Quantile loss": 6.223375002543132, "quantiles_step": 1200, "quantiles_epoch": 199, "quantiles_optimizer": "adam", "_timestamp": 1729168632.2777479, "_runtime": 550.7918319702148, "_step": 402, "quantiles_val Quantile loss": 7.004594326019287, "Test set Quantile Loss_uncalibrated": 8.186443328857422, "Test set Quantile Loss_calibration_samples": 7.167740345001221, "CQR coverage": 0.9433778311084445, "RMSE": 15.034000396728516, "_wandb": {"runtime": 549}}