{"quantiles_train Quantile loss": 4.967708031336467, "quantiles_step": 1200, "quantiles_epoch": 199, "quantiles_optimizer": "adam", "_timestamp": 1731459165.745783, "_runtime": 255.3957850933075, "_step": 402, "quantiles_val Quantile loss": 6.639373779296875, "Test set Quantile Loss_uncalibrated": 8.101263999938965, "Test set Quantile Loss_calibration_samples": 6.452879428863525, "CQR coverage": 0.9201978085910986, "RMSE": 14.151049613952637, "_wandb": {"runtime": 254}}