{"lower_train Pinball loss": 0.8153076597622463, "lower_step": 1050, "lower_epoch": 149, "lower_optimizer": "adam", "_timestamp": 1725007150.896459, "_runtime": 698.0018050670624, "_step": 604, "lower_val Pinball loss": 0.9336596131324768, "upper_train Pinball loss": 0.957707234791347, "upper_step": 1050, "upper_epoch": 149, "upper_optimizer": "adam", "upper_val Pinball loss": 0.9343060851097107, "Test set Pinball Loss_lower_test": 1.181212306022644, "Test set Pinball Loss_upper_test": 12.443198204040527, "Test set Pinball Loss_lower_cal": 0.9389874339103699, "Test set Pinball Loss_upper_cal": 15.20530891418457, "CQR coverage": 0.18416878172588835, "_wandb": {"runtime": 697}}