{"lower_train Pinball loss": 1.126835697889328, "lower_step": 20, "lower_epoch": 0, "lower_optimizer": "adam", "_timestamp": 1725034817.346336, "_runtime": 38.70172095298767, "_step": 8, "lower_val Pinball loss": 1.1155704259872437, "upper_train Pinball loss": 12.036447238922118, "upper_step": 20, "upper_epoch": 0, "upper_optimizer": "adam", "upper_val Pinball loss": 11.813275337219238, "Test set Pinball Loss_lower_test": NaN, "Test set Pinball Loss_upper_test": NaN, "Test set Pinball Loss_lower_cal": 1.0899348258972168, "Test set Pinball Loss_upper_cal": 1.11790931224823, "CQR coverage": 0.9378388028694777, "_wandb": {"runtime": 37}}