{"lower_train Pinball loss": 2.00792595744133, "lower_step": 16, "lower_epoch": 0, "lower_optimizer": "adam", "_timestamp": 1724074541.1733959, "_runtime": 30.257855892181396, "_step": 5, "upper_train Pinball loss": 11.866928100585938, "upper_step": 16, "upper_epoch": 0, "upper_optimizer": "adam", "Test set Pinball Loss_lower_test": 1.7319480180740356, "Test set Pinball Loss_upper_test": 15.849461555480957, "Test set Pinball Loss_lower_cal": 2.095101833343506, "Test set Pinball Loss_upper_cal": 2.0953400135040283, "_wandb": {"runtime": 229}}