{"lower_train Pinball loss": 0.8413580911500114, "lower_step": 700, "lower_epoch": 99, "lower_optimizer": "adam", "_timestamp": 1725116592.415649, "_runtime": 12955.847285985947, "_step": 404, "lower_val Pinball loss": 1.099390983581543, "upper_train Pinball loss": 1.0309111646243505, "upper_step": 700, "upper_epoch": 99, "upper_optimizer": "adam", "upper_val Pinball loss": 1.0298651456832886, "Test set Pinball Loss_lower_test": 1.011999487876892, "Test set Pinball Loss_upper_test": 14.018839836120605, "Test set Pinball Loss_lower_cal": 0.9817062616348267, "Test set Pinball Loss_upper_cal": 12.805807113647461, "CQR coverage": 0.17104006848187536, "_wandb": {"runtime": 12955}}