{"quantiles_train Quantile loss": 39.78621954666941, "quantiles_step": 38, "quantiles_epoch": 1, "quantiles_optimizer": "adam", "_timestamp": 1729178910.25263, "_runtime": 18.638978004455566, "_step": 4, "quantiles_val Quantile loss": 13.913949966430664, "Test set Quantile Loss_uncalibrated": 13.680168151855469, "_wandb": {"runtime": 209}}