{"quantiles_train Quantile loss": 6.015752236048381, "quantiles_step": 1200, "quantiles_epoch": 199, "quantiles_optimizer": "adam", "_timestamp": 1731199981.464509, "_runtime": 516.2332150936127, "_step": 402, "quantiles_val Quantile loss": 7.247137546539307, "Test set Quantile Loss_uncalibrated": 8.574864387512207, "Test set Quantile Loss_calibration_samples": 7.278563499450684, "CQR coverage": 0.931978401079946, "RMSE": 14.473115921020508, "_wandb": {"runtime": 515}}