{"lower_train Pinball loss": 1.182490246636527, "lower_step": 7, "lower_epoch": 0, "lower_optimizer": "adam", "_timestamp": 1725266566.999357, "_runtime": 18.030395984649658, "_step": 3, "lower_val Pinball loss": 1.210773229598999, "upper_train Pinball loss": 11.412241799490792, "upper_step": 7, "upper_epoch": 0, "upper_optimizer": "adam", "upper_val Pinball loss": 11.461169242858887, "_wandb": {"runtime": 17}}