{"lower_train Pinball loss": 1.4793510653755881, "lower_step": 88, "lower_epoch": 3, "lower_optimizer": "adam", "_timestamp": 1724693828.577867, "_runtime": 106.17983794212341, "_step": 11, "upper_train Pinball loss": 1.4447874968702143, "upper_step": 88, "upper_epoch": 3, "upper_optimizer": "adam", "Test set Pinball Loss_lower_test": 1.1703885793685913, "Test set Pinball Loss_upper_test": 17.73480796813965, "Test set Pinball Loss_lower_cal": 1.2449835538864136, "Test set Pinball Loss_upper_cal": 10.343510627746582, "_wandb": {"runtime": 107}}