{"quantiles_train Quantile loss": 5.957562296014083, "quantiles_step": 3800, "quantiles_epoch": 199, "quantiles_optimizer": "adam", "_timestamp": 1729177693.295499, "_runtime": 1717.6909770965576, "_step": 400, "quantiles_val Quantile loss": 6.193281173706055, "Test set Quantile Loss_uncalibrated": 7.399936199188232, "_wandb": {"runtime": 1717}}