{"lower_train Pinball loss": 0.8483691385814122, "lower_step": 700, "lower_epoch": 99, "lower_optimizer": "adam", "_timestamp": 1725291136.262458, "_runtime": 620.5078971385956, "_step": 404, "lower_val Pinball loss": 1.0024737119674683, "upper_train Pinball loss": 1.0239082745143346, "upper_step": 700, "upper_epoch": 99, "upper_optimizer": "adam", "upper_val Pinball loss": 0.9242681264877319, "Test set Pinball Loss_lower_test": 1.334244966506958, "Test set Pinball Loss_upper_test": 10.499825477600098, "Test set Pinball Loss_lower_cal": 0.9825178384780884, "Test set Pinball Loss_upper_cal": 14.40475082397461, "CQR coverage": 0.2542966263526416, "_wandb": {"runtime": 620}}