{"quantiles_train Quantile loss": 5.33184019724528, "quantiles_step": 1200, "quantiles_epoch": 199, "quantiles_optimizer": "adam", "_timestamp": 1732885066.371402, "_runtime": 420.6458101272583, "_step": 402, "quantiles_val Quantile loss": 5.957125186920166, "Test set Quantile Loss_uncalibrated": 6.848263740539551, "Test set Quantile Loss_calibration_samples": 6.1149582862854, "CQR coverage": 0.9388780560971951, "RMSE": 19.410846710205078, "_wandb": {"runtime": 419}}