{"lower_train Pinball loss": 0.8949594753129142, "lower_step": 700, "lower_epoch": 99, "lower_optimizer": "adam", "_timestamp": 1725169757.895726, "_runtime": 365.62596702575684, "_step": 404, "lower_val Pinball loss": 0.9928938746452332, "upper_train Pinball loss": 1.00603791645595, "upper_step": 700, "upper_epoch": 99, "upper_optimizer": "adam", "upper_val Pinball loss": 0.9956191182136536, "Test set Pinball Loss_lower_test": 1.3005499839782715, "Test set Pinball Loss_upper_test": 13.08411693572998, "Test set Pinball Loss_lower_cal": 0.9688772559165955, "Test set Pinball Loss_upper_cal": 13.282840728759766, "CQR coverage": 0.17663908338637813, "_wandb": {"runtime": 365}}