{"lower_train Pinball loss": 0.8118130564689636, "lower_step": 700, "lower_epoch": 99, "lower_optimizer": "adam", "_timestamp": 1725280254.367559, "_runtime": 679.9010059833527, "_step": 404, "lower_val Pinball loss": 0.9271301031112671, "upper_train Pinball loss": 0.9378818273544312, "upper_step": 700, "upper_epoch": 99, "upper_optimizer": "adam", "upper_val Pinball loss": 0.9430584907531738, "Test set Pinball Loss_lower_test": 1.1192688941955566, "Test set Pinball Loss_upper_test": 12.23038101196289, "Test set Pinball Loss_lower_cal": 0.928027868270874, "Test set Pinball Loss_upper_cal": 13.083087921142578, "CQR coverage": 0.22422271573604058, "_wandb": {"runtime": 679}}