{"quantiles_train Quantile loss": 82.87878163655598, "quantiles_step": 6, "quantiles_epoch": 0, "quantiles_optimizer": "adam", "_timestamp": 1725408084.3273559, "_runtime": 18.978930950164795, "_step": 3, "quantiles_val Quantile loss": 15.880745887756348, "Test set Quantile Loss_quantiles_test": 16.00606918334961, "Test set Quantile Loss_quantiles_cal": 16.9615421295166, "_wandb": {"runtime": 332}}