{"quantiles_train Quantile loss": 6.378885904947917, "quantiles_step": 1200, "quantiles_epoch": 199, "quantiles_optimizer": "adam", "_timestamp": 1725491871.806803, "_runtime": 964.8497469425201, "_step": 402, "quantiles_val Quantile loss": 6.525160312652588, "Test set Quantile Loss_uncalibrated": 7.506503105163574, "Test set Quantile Loss_calibration_samples": 6.616386413574219, "CQR coverage": 0.920053997300135, "RMSE": 14.700346946716309, "_wandb": {"runtime": 964}}