{"quantiles_train Quantile loss": 6.043053476434005, "quantiles_step": 3800, "quantiles_epoch": 199, "quantiles_optimizer": "adam", "_timestamp": 1731101162.11617, "_runtime": 1344.9175589084625, "_step": 402, "quantiles_val Quantile loss": 6.787563800811768, "Test set Quantile Loss_uncalibrated": 8.072100639343262, "Test set Quantile Loss_calibration_samples": 6.740559101104736, "CQR coverage": 0.9375413329414358, "RMSE": 15.286670684814453, "_wandb": {"runtime": 1344}}