{"quantiles_train Quantile loss": 4.511906067530314, "quantiles_step": 1200, "quantiles_epoch": 199, "quantiles_optimizer": "adam", "_timestamp": 1731457220.1437829, "_runtime": 273.2505028247833, "_step": 402, "quantiles_val Quantile loss": 7.351821422576904, "Test set Quantile Loss_uncalibrated": 8.115506172180176, "Test set Quantile Loss_calibration_samples": 6.754932880401611, "CQR coverage": 0.9254339183554736, "RMSE": 14.189994812011719, "_wandb": {"runtime": 272}}