{"lower_train Pinball loss": 7.807456646646772, "lower_step": 7, "lower_epoch": 0, "lower_optimizer": "adam", "_timestamp": 1725034607.853065, "_runtime": 27.044445991516113, "_step": 8, "lower_val Pinball loss": 1.508621335029602, "upper_train Pinball loss": 28.603827340262278, "upper_step": 7, "upper_epoch": 0, "upper_optimizer": "adam", "upper_val Pinball loss": 28.55590057373047, "Test set Pinball Loss_lower_test": 1.4659485816955566, "Test set Pinball Loss_upper_test": 27.531177520751953, "Test set Pinball Loss_lower_cal": 1.5025420188903809, "Test set Pinball Loss_upper_cal": 1.5356801748275757, "CQR coverage": 0.9212168486739469, "_wandb": {"runtime": 25}}