{"quantiles_train Quantile loss": 5.794678608576457, "quantiles_step": 1200, "quantiles_epoch": 199, "quantiles_optimizer": "adam", "_timestamp": 1729170343.0485, "_runtime": 600.7954671382904, "_step": 402, "quantiles_val Quantile loss": 6.986687183380127, "Test set Quantile Loss_uncalibrated": 8.35223388671875, "Test set Quantile Loss_calibration_samples": 7.271709442138672, "CQR coverage": 0.9329533523323834, "RMSE": 14.598733901977539, "_wandb": {"runtime": 600}}