{"quantiles_train Quantile loss": 5.078219970067342, "quantiles_step": 1200, "quantiles_epoch": 199, "quantiles_optimizer": "adam", "_timestamp": 1725494898.59213, "_runtime": 573.3173060417175, "_step": 402, "quantiles_val Quantile loss": 7.127053737640381, "Test set Quantile Loss_uncalibrated": 8.566099166870117, "Test set Quantile Loss_calibration_samples": 6.550771236419678, "CQR coverage": 0.8916900998739455, "RMSE": 15.072049140930176, "_wandb": {"runtime": 572}}