{"quantiles_train Quantile loss": 55.17343775431315, "quantiles_step": 6, "quantiles_epoch": 0, "quantiles_optimizer": "adam", "_timestamp": 1725410014.401792, "_runtime": 19.185636043548584, "_step": 4, "quantiles_val Quantile loss": 36.68107604980469, "Test set Quantile Loss_quantiles_test": 33.82126998901367, "Test set Quantile Loss_quantiles_cal": 34.9891471862793, "CQR coverage": 0.8351582420878956, "_wandb": {"runtime": 18}}