{"lower_train Pinball loss": 0.6826256513595581, "lower_step": 700, "lower_epoch": 99, "lower_optimizer": "adam", "_timestamp": 1725301807.856101, "_runtime": 384.3063941001892, "_step": 404, "lower_val Pinball loss": 1.1394933462142944, "upper_train Pinball loss": 0.9121225561414447, "upper_step": 700, "upper_epoch": 99, "upper_optimizer": "adam", "upper_val Pinball loss": 1.21452796459198, "Test set Pinball Loss_lower_test": 0.8604575395584106, "Test set Pinball Loss_upper_test": 13.110098838806152, "Test set Pinball Loss_lower_cal": 1.140913724899292, "Test set Pinball Loss_upper_cal": 12.393481254577637, "CQR coverage": 0.15500144411283334, "_wandb": {"runtime": 384}}