{"quantiles_train Quantile loss": 5.978161970774333, "quantiles_step": 1200, "quantiles_epoch": 199, "quantiles_optimizer": "adam", "_timestamp": 1725493473.9572558, "_runtime": 637.9017198085785, "_step": 402, "quantiles_val Quantile loss": 6.922121047973633, "Test set Quantile Loss_uncalibrated": 8.22006607055664, "Test set Quantile Loss_calibration_samples": 7.4026288986206055, "CQR coverage": 0.9168291585420729, "RMSE": 16.167146682739258, "_wandb": {"runtime": 637}}