{"quantiles_train Quantile loss": 5.785942554473877, "quantiles_step": 1200, "quantiles_epoch": 199, "quantiles_optimizer": "adam", "_timestamp": 1731246705.1433191, "_runtime": 427.4125680923462, "_step": 402, "quantiles_val Quantile loss": 6.894655704498291, "Test set Quantile Loss_uncalibrated": 8.144973754882812, "Test set Quantile Loss_calibration_samples": 7.094950199127197, "CQR coverage": 0.9361781910904454, "RMSE": 14.480878829956055, "_wandb": {"runtime": 426}}