{"quantiles_train Quantile loss": 40.787394205729164, "quantiles_step": 6, "quantiles_epoch": 0, "quantiles_optimizer": "adam", "_timestamp": 1725408923.932287, "_runtime": 19.68647003173828, "_step": 3, "quantiles_val Quantile loss": 40.51810836791992, "Test set Quantile Loss_quantiles_test": 40.414283752441406, "Test set Quantile Loss_quantiles_cal": 41.568729400634766, "_wandb": {"runtime": 117}}