{"quantiles_train Quantile loss": 5.9588312149047855, "quantiles_step": 1000, "quantiles_epoch": 199, "quantiles_optimizer": "adam", "_timestamp": 1731380600.252502, "_runtime": 347.4415738582611, "_step": 402, "quantiles_val Quantile loss": 7.174981594085693, "Test set Quantile Loss_uncalibrated": 7.092280387878418, "Test set Quantile Loss_calibration_samples": 7.0942063331604, "CQR coverage": 0.9678978774831936, "RMSE": 14.498626708984375, "_wandb": {"runtime": 346}}