{"lower_train Pinball loss": 0.9037038258143834, "lower_step": 700, "lower_epoch": 99, "lower_optimizer": "adam", "_timestamp": 1725299493.124062, "_runtime": 597.3134150505066, "_step": 404, "lower_val Pinball loss": 1.0014292001724243, "upper_train Pinball loss": 1.016167436327253, "upper_step": 700, "upper_epoch": 99, "upper_optimizer": "adam", "upper_val Pinball loss": 0.9676805734634399, "Test set Pinball Loss_lower_test": 0.9994601011276245, "Test set Pinball Loss_upper_test": 17.22899055480957, "Test set Pinball Loss_lower_cal": 0.9717317223548889, "Test set Pinball Loss_upper_cal": 14.455656051635742, "CQR coverage": 0.06513260530421217, "_wandb": {"runtime": 597}}