{"quantiles_train Quantile loss": 5.41873296101888, "quantiles_step": 1200, "quantiles_epoch": 199, "quantiles_optimizer": "adam", "_timestamp": 1732884631.6410398, "_runtime": 411.84634280204773, "_step": 402, "quantiles_val Quantile loss": 5.691319942474365, "Test set Quantile Loss_uncalibrated": 6.4760212898254395, "Test set Quantile Loss_calibration_samples": 5.828012943267822, "CQR coverage": 0.9486275686215689, "RMSE": 17.720748901367188, "_wandb": {"runtime": 411}}