{"lower_train mse loss": 1.1658478677272797, "lower_train rmse": 1.0797443529499378, "lower_step": 80, "lower_epoch": 4, "lower_optimizer": "adam", "_timestamp": 1724067328.5218, "_runtime": 70.60184812545776, "_step": 9, "higher_train mse loss": 1.3772356808185577, "higher_train rmse": 1.1735568502712417, "higher_step": 80, "higher_epoch": 4, "higher_optimizer": "adam", "_wandb": {"runtime": 70}}