{"quantiles_train Quantile loss": 4.812673409779866, "quantiles_step": 1200, "quantiles_epoch": 199, "quantiles_optimizer": "adam", "_timestamp": 1725436191.608725, "_runtime": 252.05984902381897, "_step": 402, "quantiles_val Quantile loss": 6.9212493896484375, "Test set Quantile Loss_uncalibrated": 7.9832892417907715, "Test set Quantile Loss_calibration_samples": 6.60045862197876, "CQR coverage": 0.8002521089886551, "RMSE": 14.051722526550293, "_wandb": {"runtime": 251}}