{"quantiles_train Quantile loss": 44.004254592092416, "quantiles_step": 38, "quantiles_epoch": 1, "quantiles_optimizer": "adam", "_timestamp": 1729249517.103136, "_runtime": 43.72187304496765, "_step": 5, "quantiles_val Quantile loss": 28.350753784179688, "Test set Quantile Loss_uncalibrated": 28.273656845092773, "Test set Quantile Loss_calibration_samples": 28.760120391845703, "_wandb": {"runtime": 44}}