{"lower_train Pinball loss": 0.6495647004672459, "lower_step": 700, "lower_epoch": 99, "lower_optimizer": "adam", "_timestamp": 1725300958.484159, "_runtime": 438.2414560317993, "_step": 404, "lower_val Pinball loss": 1.1207669973373413, "upper_train Pinball loss": 0.8673058748245239, "upper_step": 700, "upper_epoch": 99, "upper_optimizer": "adam", "upper_val Pinball loss": 1.039052128791809, "Test set Pinball Loss_lower_test": 0.8677247166633606, "Test set Pinball Loss_upper_test": 13.824750900268555, "Test set Pinball Loss_lower_cal": 1.0875426530838013, "Test set Pinball Loss_upper_cal": 12.550867080688477, "CQR coverage": 0.13497641282372197, "_wandb": {"runtime": 438}}