{"quantiles_train Quantile loss": 3.9237414598464966, "quantiles_step": 1200, "quantiles_epoch": 199, "quantiles_optimizer": "adam", "_timestamp": 1732879113.613926, "_runtime": 309.05982089042664, "_step": 402, "quantiles_val Quantile loss": 5.534886360168457, "Test set Quantile Loss_uncalibrated": 6.893883228302002, "Test set Quantile Loss_calibration_samples": 5.659224510192871, "CQR coverage": 0.9254339183554736, "RMSE": 16.334014892578125, "_wandb": {"runtime": 308}}