{"quantiles_train Quantile loss": 36.261963844299316, "quantiles_step": 6, "quantiles_epoch": 0, "quantiles_optimizer": "adam", "_timestamp": 1725408574.231415, "_runtime": 14.458855152130127, "_step": 3, "quantiles_val Quantile loss": 13.479576110839844, "Test set Quantile Loss_quantiles_test": 13.309410095214844, "Test set Quantile Loss_quantiles_cal": 13.705822944641113, "_wandb": {"runtime": 14}}