{"quantiles_train Quantile loss": 53.265244801839195, "quantiles_step": 6, "quantiles_epoch": 0, "quantiles_optimizer": "adam", "_timestamp": 1725409854.1949172, "_runtime": 23.230319261550903, "_step": 3, "quantiles_val Quantile loss": 22.961910247802734, "Test set Quantile Loss_quantiles_test": 21.896242141723633, "Test set Quantile Loss_quantiles_cal": 23.362903594970703, "_wandb": {"runtime": 120}}