{"quantiles_train Quantile loss": 5.135178724924724, "quantiles_step": 1200, "quantiles_epoch": 199, "quantiles_optimizer": "adam", "_timestamp": 1725496866.135015, "_runtime": 420.82689690589905, "_step": 402, "quantiles_val Quantile loss": 6.760763645172119, "Test set Quantile Loss_uncalibrated": 8.605881690979004, "Test set Quantile Loss_calibration_samples": 7.073113918304443, "CQR coverage": 0.9010957044506933, "RMSE": 15.707019805908203, "_wandb": {"runtime": 419}}