{"lower_train Pinball loss": 0.8111744352749416, "lower_step": 1050, "lower_epoch": 149, "lower_optimizer": "adam", "_timestamp": 1725006440.1213188, "_runtime": 711.1730177402496, "_step": 604, "lower_val Pinball loss": 0.9813065528869629, "upper_train Pinball loss": 0.9224786162376404, "upper_step": 1050, "upper_epoch": 149, "upper_optimizer": "adam", "upper_val Pinball loss": 0.9076548218727112, "Test set Pinball Loss_lower_test": 0.9384198188781738, "Test set Pinball Loss_upper_test": 14.73676586151123, "Test set Pinball Loss_lower_cal": 0.9262375831604004, "Test set Pinball Loss_upper_cal": 13.045890808105469, "CQR coverage": 0.14360374414976596, "_wandb": {"runtime": 710}}