{"quantiles_train Quantile loss": 4.797693411509196, "quantiles_step": 1200, "quantiles_epoch": 199, "quantiles_optimizer": "adam", "_timestamp": 1725492819.660979, "_runtime": 443.6636109352112, "_step": 402, "quantiles_val Quantile loss": 6.944514751434326, "Test set Quantile Loss_uncalibrated": 8.06737995147705, "Test set Quantile Loss_calibration_samples": 6.480221271514893, "CQR coverage": 0.9088529041016193, "RMSE": 13.845638275146484, "_wandb": {"runtime": 442}}