{"lower_train Pinball loss": 0.8585257530212402, "lower_step": 700, "lower_epoch": 99, "lower_optimizer": "adam", "_timestamp": 1725167848.7684832, "_runtime": 370.11596608161926, "_step": 404, "lower_val Pinball loss": 0.9687759280204773, "upper_train Pinball loss": 0.9909065621239799, "upper_step": 700, "upper_epoch": 99, "upper_optimizer": "adam", "upper_val Pinball loss": 0.9444348812103271, "Test set Pinball Loss_lower_test": 1.0061243772506714, "Test set Pinball Loss_upper_test": 13.593365669250488, "Test set Pinball Loss_lower_cal": 0.958043098449707, "Test set Pinball Loss_upper_cal": 12.673867225646973, "CQR coverage": 0.14322087842138764, "_wandb": {"runtime": 369}}