{"quantiles_train Quantile loss": 6.586014747619629, "quantiles_step": 1200, "quantiles_epoch": 199, "quantiles_optimizer": "adam", "_timestamp": 1731199449.926921, "_runtime": 599.9549448490143, "_step": 402, "quantiles_val Quantile loss": 7.378726005554199, "Test set Quantile Loss_uncalibrated": 8.53750991821289, "Test set Quantile Loss_calibration_samples": 7.698230743408203, "CQR coverage": 0.9370031498425079, "RMSE": 16.654356002807617, "_wandb": {"runtime": 599}}