{"quantiles_train Quantile loss": 4.750203291575114, "quantiles_step": 1200, "quantiles_epoch": 199, "quantiles_optimizer": "adam", "_timestamp": 1725499027.299232, "_runtime": 305.2955689430237, "_step": 402, "quantiles_val Quantile loss": 6.696749687194824, "Test set Quantile Loss_uncalibrated": 8.762641906738281, "Test set Quantile Loss_calibration_samples": 7.015598297119141, "CQR coverage": 0.8930476098128576, "RMSE": 14.873655319213867, "_wandb": {"runtime": 303}}