{"quantiles_train Quantile loss": 5.1563624540964765, "quantiles_step": 1200, "quantiles_epoch": 199, "quantiles_optimizer": "adam", "_timestamp": 1731461370.242883, "_runtime": 257.12641191482544, "_step": 402, "quantiles_val Quantile loss": 6.397670269012451, "Test set Quantile Loss_uncalibrated": 7.7815842628479, "Test set Quantile Loss_calibration_samples": 6.519468784332275, "CQR coverage": 0.9224280034907398, "RMSE": 13.923467636108398, "_wandb": {"runtime": 256}}