{"quantiles_train Quantile loss": 53.94635327657064, "quantiles_step": 6, "quantiles_epoch": 0, "quantiles_optimizer": "adam", "_timestamp": 1725408612.97825, "_runtime": 13.834276914596558, "_step": 3, "quantiles_val Quantile loss": 41.10087966918945, "Test set Quantile Loss_quantiles_test": 39.45372772216797, "Test set Quantile Loss_quantiles_cal": 40.885066986083984, "_wandb": {"runtime": 235}}