{"lower_train Pinball loss": 1.126835697889328, "lower_step": 20, "lower_epoch": 0, "lower_optimizer": "adam", "_timestamp": 1725038225.801056, "_runtime": 28.295300006866455, "_step": 3, "lower_val Pinball loss": 1.1155704259872437, "upper_train Pinball loss": 12.036447238922118, "upper_step": 20, "upper_epoch": 0, "upper_optimizer": "adam", "upper_val Pinball loss": 11.813275337219238, "_wandb": {"runtime": 307}}