{"quantiles_train Quantile loss": 5.131400028864543, "quantiles_step": 1200, "quantiles_epoch": 199, "quantiles_optimizer": "adam", "_timestamp": 1725433996.755243, "_runtime": 254.7022361755371, "_step": 402, "quantiles_val Quantile loss": 6.713681697845459, "Test set Quantile Loss_uncalibrated": 7.905335426330566, "Test set Quantile Loss_calibration_samples": 6.393242359161377, "CQR coverage": 0.8006399689712014, "RMSE": 14.854181289672852, "_wandb": {"runtime": 254}}