{"lower_train Pinball loss": 0.8878214614731925, "lower_step": 700, "lower_epoch": 99, "lower_optimizer": "adam", "_timestamp": 1725269128.8052192, "_runtime": 503.2160141468048, "_step": 404, "lower_val Pinball loss": 0.9721272587776184, "upper_train Pinball loss": 0.997356482914516, "upper_step": 700, "upper_epoch": 99, "upper_optimizer": "adam", "upper_val Pinball loss": 0.9339708685874939, "Test set Pinball Loss_lower_test": 1.0864818096160889, "Test set Pinball Loss_upper_test": 13.684043884277344, "Test set Pinball Loss_lower_cal": 0.9662171602249146, "Test set Pinball Loss_upper_cal": 14.327933311462402, "CQR coverage": 0.13110723350253806, "_wandb": {"runtime": 502}}