{"lower_train Pinball loss": 1.5313936851241372, "lower_step": 44, "lower_epoch": 1, "lower_optimizer": "adam", "_timestamp": 1724855911.896906, "_runtime": 67.26767492294312, "_step": 8, "upper_train Pinball loss": 1.9829197363419966, "upper_step": 44, "upper_epoch": 1, "upper_optimizer": "adam", "Test set Pinball Loss_lower_test": 1.4018956422805786, "Test set Pinball Loss_upper_test": 25.933080673217773, "Test set Pinball Loss_lower_cal": 1.4940669536590576, "Test set Pinball Loss_upper_cal": 12.277774810791016, "CQR coverage": 0.0270028424044636, "_wandb": {"runtime": 66}}