{"quantiles_train Quantile loss": 5.102624416351318, "quantiles_step": 1200, "quantiles_epoch": 199, "quantiles_optimizer": "adam", "_timestamp": 1725495340.4576042, "_runtime": 398.956166267395, "_step": 402, "quantiles_val Quantile loss": 6.358887672424316, "Test set Quantile Loss_uncalibrated": 7.643377304077148, "Test set Quantile Loss_calibration_samples": 6.463988780975342, "CQR coverage": 0.9016774944245127, "RMSE": 14.47889232635498, "_wandb": {"runtime": 397}}