{"quantiles_train Quantile loss": 4.894795815149943, "quantiles_step": 1200, "quantiles_epoch": 199, "quantiles_optimizer": "adam", "_timestamp": 1725500743.933413, "_runtime": 322.3197331428528, "_step": 402, "quantiles_val Quantile loss": 6.6063103675842285, "Test set Quantile Loss_uncalibrated": 8.474888801574707, "Test set Quantile Loss_calibration_samples": 6.91094446182251, "CQR coverage": 0.9050712692717928, "RMSE": 16.178396224975586, "_wandb": {"runtime": 320}}