{"lower_train Pinball loss": 0.6934467809540885, "lower_step": 700, "lower_epoch": 99, "lower_optimizer": "adam", "_timestamp": 1725300509.740758, "_runtime": 429.0888319015503, "_step": 404, "lower_val Pinball loss": 1.1280797719955444, "upper_train Pinball loss": 0.9362073540687561, "upper_step": 700, "upper_epoch": 99, "upper_optimizer": "adam", "upper_val Pinball loss": 1.0950782299041748, "Test set Pinball Loss_lower_test": 0.9185267686843872, "Test set Pinball Loss_upper_test": 11.216126441955566, "Test set Pinball Loss_lower_cal": 1.0292023420333862, "Test set Pinball Loss_upper_cal": 13.045415878295898, "CQR coverage": 0.19976894194666406, "_wandb": {"runtime": 429}}