{"quantiles_train Quantile loss": 51.28619130452474, "quantiles_step": 6, "quantiles_epoch": 0, "quantiles_optimizer": "adam", "_timestamp": 1725409316.376329, "_runtime": 17.375699996948242, "_step": 3, "quantiles_val Quantile loss": 35.10326385498047, "Test set Quantile Loss_quantiles_test": 33.704795837402344, "Test set Quantile Loss_quantiles_cal": 35.58203887939453, "_wandb": {"runtime": 227}}