{"lower_train Pinball loss": 1.4094860213143485, "lower_step": 7, "lower_epoch": 0, "lower_optimizer": "adam", "_timestamp": 1725088997.63187, "_runtime": 205.9943709373474, "_step": 8, "lower_val Pinball loss": 1.4573051929473877, "upper_train Pinball loss": 11.14214198929923, "upper_step": 7, "upper_epoch": 0, "upper_optimizer": "adam", "upper_val Pinball loss": 2.3111512660980225, "Test set Pinball Loss_lower_test": 1.1991361379623413, "Test set Pinball Loss_upper_test": 17.517059326171875, "Test set Pinball Loss_lower_cal": 1.3867485523223877, "Test set Pinball Loss_upper_cal": 11.908594131469727, "CQR coverage": 0.23244328844697593, "_wandb": {"runtime": 205}}