{"quantiles_train Quantile loss": 6.320732116699219, "quantiles_step": 1200, "quantiles_epoch": 199, "quantiles_optimizer": "adam", "_timestamp": 1725499855.357697, "_runtime": 485.1659851074219, "_step": 402, "quantiles_val Quantile loss": 7.395804405212402, "Test set Quantile Loss_uncalibrated": 9.495658874511719, "Test set Quantile Loss_calibration_samples": 7.717576026916504, "CQR coverage": 0.8892305384730763, "RMSE": 17.591480255126953, "_wandb": {"runtime": 483}}