{"lower_train Pinball loss": 0.8518338458878654, "lower_step": 700, "lower_epoch": 99, "lower_optimizer": "adam", "_timestamp": 1725290503.516306, "_runtime": 705.2878139019012, "_step": 404, "lower_val Pinball loss": 0.9931460618972778, "upper_train Pinball loss": 0.9765688691820417, "upper_step": 700, "upper_epoch": 99, "upper_optimizer": "adam", "upper_val Pinball loss": 0.9294022917747498, "Test set Pinball Loss_lower_test": 1.3595234155654907, "Test set Pinball Loss_upper_test": 10.278281211853027, "Test set Pinball Loss_lower_cal": 0.9918035268783569, "Test set Pinball Loss_upper_cal": 14.623823165893555, "CQR coverage": 0.21833227243793762, "_wandb": {"runtime": 705}}