{"quantiles_train Quantile loss": 6.394494454065959, "quantiles_step": 1200, "quantiles_epoch": 199, "quantiles_optimizer": "adam", "_timestamp": 1731201289.114572, "_runtime": 418.0239541530609, "_step": 402, "quantiles_val Quantile loss": 7.257651329040527, "Test set Quantile Loss_uncalibrated": 8.35763931274414, "Test set Quantile Loss_calibration_samples": 7.239415168762207, "CQR coverage": 0.9357282135893206, "RMSE": 15.53009033203125, "_wandb": {"runtime": 417}}