{"lower_train Pinball loss": 1.4671309739351273, "lower_step": 32, "lower_epoch": 1, "lower_optimizer": "adam", "_timestamp": 1724072468.9703438, "_runtime": 36.345157861709595, "_step": 5, "upper_train Pinball loss": 8.2052610963583, "upper_step": 32, "upper_epoch": 1, "upper_optimizer": "adam", "Test set Pinball Loss_lower_test": 16.383743286132812, "Test set Pinball Loss_upper_test": 2.134387254714966, "_wandb": {"runtime": 35}}