{"quantiles_train Quantile loss": 6.1693825470773795, "quantiles_step": 3800, "quantiles_epoch": 199, "quantiles_optimizer": "adam", "_timestamp": 1729175420.3060238, "_runtime": 1873.5454788208008, "_step": 400, "quantiles_val Quantile loss": 6.398177146911621, "Test set Quantile Loss_uncalibrated": 7.008310794830322, "_wandb": {"runtime": 1872}}