{"quantiles_train Quantile loss": 5.698449929555257, "quantiles_step": 1200, "quantiles_epoch": 199, "quantiles_optimizer": "adam", "_timestamp": 1729165521.7643971, "_runtime": 402.054740190506, "_step": 402, "quantiles_val Quantile loss": 6.843120098114014, "Test set Quantile Loss_uncalibrated": 8.5746431350708, "Test set Quantile Loss_calibration_samples": 6.972156524658203, "CQR coverage": 0.9347532623368832, "RMSE": 15.299118041992188, "_wandb": {"runtime": 401}}