{"quantiles_train Quantile loss": 4.008004625638326, "quantiles_step": 1200, "quantiles_epoch": 199, "quantiles_optimizer": "adam", "_timestamp": 1732879417.640953, "_runtime": 289.303994178772, "_step": 402, "quantiles_val Quantile loss": 5.349394798278809, "Test set Quantile Loss_uncalibrated": 6.368170261383057, "Test set Quantile Loss_calibration_samples": 5.389961242675781, "CQR coverage": 0.9432754775526035, "RMSE": 16.536235809326172, "_wandb": {"runtime": 288}}