{"quantiles_train Quantile loss": 4.810452461242676, "quantiles_step": 1200, "quantiles_epoch": 199, "quantiles_optimizer": "adam", "_timestamp": 1731458659.6671019, "_runtime": 269.1756179332733, "_step": 402, "quantiles_val Quantile loss": 6.5890045166015625, "Test set Quantile Loss_uncalibrated": 8.4675931930542, "Test set Quantile Loss_calibration_samples": 6.766463756561279, "CQR coverage": 0.9183554736740037, "RMSE": 14.499937057495117, "_wandb": {"runtime": 268}}