{"quantiles_train Quantile loss": 6.101563374201457, "quantiles_step": 1200, "quantiles_epoch": 199, "quantiles_optimizer": "adam", "_timestamp": 1729166371.453435, "_runtime": 408.78350496292114, "_step": 402, "quantiles_val Quantile loss": 6.630529880523682, "Test set Quantile Loss_uncalibrated": 7.772223472595215, "Test set Quantile Loss_calibration_samples": 6.878456115722656, "CQR coverage": 0.948177591120444, "RMSE": 13.89097785949707, "_wandb": {"runtime": 408}}