{"quantiles_train Quantile loss": 4.636873245239258, "quantiles_step": 1200, "quantiles_epoch": 199, "quantiles_optimizer": "adam", "_timestamp": 1725481967.001906, "_runtime": 342.5803129673004, "_step": 402, "quantiles_val Quantile loss": 6.663412094116211, "Test set Quantile Loss_uncalibrated": 8.196231842041016, "Test set Quantile Loss_calibration_samples": 6.735102653503418, "CQR coverage": 0.8045185687966644, "RMSE": 14.45509147644043, "_wandb": {"runtime": 341}}