{"quantiles_train Quantile loss": 6.137869119644165, "quantiles_step": 1200, "quantiles_epoch": 199, "quantiles_optimizer": "adam", "_timestamp": 1731200854.838398, "_runtime": 416.62057089805603, "_step": 402, "quantiles_val Quantile loss": 7.2694411277771, "Test set Quantile Loss_uncalibrated": 8.447064399719238, "Test set Quantile Loss_calibration_samples": 7.143032550811768, "CQR coverage": 0.9323533823308835, "RMSE": 15.643991470336914, "_wandb": {"runtime": 416}}