{"lower_train Pinball loss": 1.090719529560634, "lower_step": 7, "lower_epoch": 0, "lower_optimizer": "adam", "_timestamp": 1725266917.235104, "_runtime": 23.071717977523804, "_step": 3, "lower_val Pinball loss": 1.2548117637634277, "upper_train Pinball loss": 11.648197991507393, "upper_step": 7, "upper_epoch": 0, "upper_optimizer": "adam", "upper_val Pinball loss": 11.572991371154785, "_wandb": {"runtime": 32}}