{"quantiles_train Quantile loss": 6.136432250340779, "quantiles_step": 1200, "quantiles_epoch": 199, "quantiles_optimizer": "adam", "_timestamp": 1729169725.7730482, "_runtime": 510.51452827453613, "_step": 402, "quantiles_val Quantile loss": 7.450483322143555, "Test set Quantile Loss_uncalibrated": 8.36764144897461, "Test set Quantile Loss_calibration_samples": 7.264668941497803, "CQR coverage": 0.940677966101695, "RMSE": 15.16769027709961, "_wandb": {"runtime": 509}}