{"quantiles_train Quantile loss": 6.203788757324219, "quantiles_step": 1200, "quantiles_epoch": 199, "quantiles_optimizer": "adam", "_timestamp": 1725498123.6117802, "_runtime": 740.2519931793213, "_step": 402, "quantiles_val Quantile loss": 7.385973930358887, "Test set Quantile Loss_uncalibrated": 8.268485069274902, "Test set Quantile Loss_calibration_samples": 6.932816982269287, "CQR coverage": 0.9116544172791361, "RMSE": 16.166711807250977, "_wandb": {"runtime": 738}}