{"quantiles_train Quantile loss": 4.7868889172871905, "quantiles_step": 1200, "quantiles_epoch": 199, "quantiles_optimizer": "adam", "_timestamp": 1732799602.786738, "_runtime": 274.49608302116394, "_step": 402, "quantiles_val Quantile loss": 6.773920059204102, "Test set Quantile Loss_uncalibrated": 8.517881393432617, "Test set Quantile Loss_calibration_samples": 6.672412872314453, "CQR coverage": 0.9143799088529041, "RMSE": 14.405290603637695, "_wandb": {"runtime": 273}}