{"quantiles_train Quantile loss": 5.017404238382976, "quantiles_step": 1200, "quantiles_epoch": 199, "quantiles_optimizer": "adam", "_timestamp": 1731457803.061267, "_runtime": 277.19945096969604, "_step": 402, "quantiles_val Quantile loss": 6.523796558380127, "Test set Quantile Loss_uncalibrated": 7.753692150115967, "Test set Quantile Loss_calibration_samples": 6.636556148529053, "CQR coverage": 0.9259187433336565, "RMSE": 13.379739761352539, "_wandb": {"runtime": 276}}