{"quantiles_train Quantile loss": 4.898012161254883, "quantiles_step": 1200, "quantiles_epoch": 199, "quantiles_optimizer": "adam", "_timestamp": 1731460280.567947, "_runtime": 261.0197539329529, "_step": 402, "quantiles_val Quantile loss": 6.616909027099609, "Test set Quantile Loss_uncalibrated": 7.942195892333984, "Test set Quantile Loss_calibration_samples": 6.6523919105529785, "CQR coverage": 0.9275671482594783, "RMSE": 14.215696334838867, "_wandb": {"runtime": 260}}