{"lower_train Pinball loss": 0.6440055796078273, "lower_step": 700, "lower_epoch": 99, "lower_optimizer": "adam", "_timestamp": 1725279565.529322, "_runtime": 397.2810218334198, "_step": 404, "lower_val Pinball loss": 0.9517706036567688, "upper_train Pinball loss": 0.8315911889076233, "upper_step": 700, "upper_epoch": 99, "upper_optimizer": "adam", "upper_val Pinball loss": 1.2978236675262451, "Test set Pinball Loss_lower_test": 0.9968931078910828, "Test set Pinball Loss_upper_test": 12.238021850585938, "Test set Pinball Loss_lower_cal": 0.9304346442222595, "Test set Pinball Loss_upper_cal": 10.704629898071289, "CQR coverage": 0.18466730954676958, "_wandb": {"runtime": 397}}