{"lower_train Pinball loss": 0.8177743310278113, "lower_step": 2200, "lower_epoch": 99, "lower_optimizer": "adam", "_timestamp": 1724858640.065071, "_runtime": 2661.269748210907, "_step": 204, "upper_train Pinball loss": 0.9478275234049017, "upper_step": 2200, "upper_epoch": 99, "upper_optimizer": "adam", "Test set Pinball Loss_lower_test": 0.98528653383255, "Test set Pinball Loss_upper_test": 14.148520469665527, "Test set Pinball Loss_lower_cal": 0.9107212424278259, "Test set Pinball Loss_upper_cal": 12.101659774780273, "CQR coverage": 0.1849405200547426, "_wandb": {"runtime": 2660}}