{"lower_train mse loss": 1.1191033944487572, "lower_train rmse": 1.057876833307525, "lower_step": 160, "lower_epoch": 9, "lower_optimizer": "adam", "_timestamp": 1724067105.08364, "_runtime": 131.57013320922852, "_step": 19, "higher_train mse loss": 1.1924580335617065, "higher_train rmse": 1.0919972681109174, "higher_step": 160, "higher_epoch": 9, "higher_optimizer": "adam", "_wandb": {"runtime": 130}}