{"quantiles_train Quantile loss": 6.542248090108235, "quantiles_step": 1200, "quantiles_epoch": 199, "quantiles_optimizer": "adam", "_timestamp": 1731249509.1699681, "_runtime": 460.6080870628357, "_step": 402, "quantiles_val Quantile loss": 7.412961959838867, "Test set Quantile Loss_uncalibrated": 8.076602935791016, "Test set Quantile Loss_calibration_samples": 7.226981163024902, "CQR coverage": 0.9373031348432579, "RMSE": 16.122095108032227, "_wandb": {"runtime": 459}}