{"quantiles_train Quantile loss": 6.073841015497844, "quantiles_step": 1200, "quantiles_epoch": 199, "quantiles_optimizer": "adam", "_timestamp": 1725413282.3322408, "_runtime": 538.9467597007751, "_step": 402, "quantiles_val Quantile loss": 6.81985330581665, "Test set Quantile Loss_quantiles_test": 7.945086479187012, "Test set Quantile Loss_quantiles_cal": 6.791897773742676, "CQR coverage": 0.8136343182840858, "RMSE": 15.228199005126953, "_wandb": {"runtime": 538}}