{"lower_train Pinball loss": 1.2370425803320748, "lower_step": 7, "lower_epoch": 0, "lower_optimizer": "adam", "_timestamp": 1725039707.665206, "_runtime": 15.436023950576782, "_step": 8, "lower_val Pinball loss": 1.1678526401519775, "upper_train Pinball loss": 11.41168144771031, "upper_step": 7, "upper_epoch": 0, "upper_optimizer": "adam", "upper_val Pinball loss": 10.881878852844238, "Test set Pinball Loss_lower_test": NaN, "Test set Pinball Loss_upper_test": NaN, "Test set Pinball Loss_lower_cal": 1.1532742977142334, "Test set Pinball Loss_upper_cal": 1.206570029258728, "CQR coverage": 0.9417541157215751, "_wandb": {"runtime": 14}}