{"quantiles_train Quantile loss": 5.719924449920654, "quantiles_step": 1200, "quantiles_epoch": 199, "quantiles_optimizer": "adam", "_timestamp": 1729166792.1491961, "_runtime": 407.92431807518005, "_step": 402, "quantiles_val Quantile loss": 6.78309965133667, "Test set Quantile Loss_uncalibrated": 7.907246112823486, "Test set Quantile Loss_calibration_samples": 6.9068922996521, "CQR coverage": 0.9491525423728814, "RMSE": 12.952637672424316, "_wandb": {"runtime": 407}}