{"quantiles_train Quantile loss": 6.565715312957764, "quantiles_step": 1200, "quantiles_epoch": 199, "quantiles_optimizer": "adam", "_timestamp": 1731203569.033226, "_runtime": 453.08106207847595, "_step": 402, "quantiles_val Quantile loss": 7.406621932983398, "Test set Quantile Loss_uncalibrated": 8.48599910736084, "Test set Quantile Loss_calibration_samples": 7.22344970703125, "CQR coverage": 0.9276286185690715, "RMSE": 15.591246604919434, "_wandb": {"runtime": 452}}