{"quantiles_train Quantile loss": 6.114587465922038, "quantiles_step": 1200, "quantiles_epoch": 199, "quantiles_optimizer": "adam", "_timestamp": 1725490891.602388, "_runtime": 783.8438069820404, "_step": 402, "quantiles_val Quantile loss": 7.36105489730835, "Test set Quantile Loss_uncalibrated": 8.624058723449707, "Test set Quantile Loss_calibration_samples": 7.356597423553467, "CQR coverage": 0.9145792710364482, "RMSE": 15.966663360595703, "_wandb": {"runtime": 783}}