{"lower_train Pinball loss": 0.6307319743292672, "lower_step": 700, "lower_epoch": 99, "lower_optimizer": "adam", "_timestamp": 1725278332.827086, "_runtime": 399.6617169380188, "_step": 404, "lower_val Pinball loss": 0.9668379426002502, "upper_train Pinball loss": 0.8416188614709037, "upper_step": 700, "upper_epoch": 99, "upper_optimizer": "adam", "upper_val Pinball loss": 1.3259893655776978, "Test set Pinball Loss_lower_test": 0.9282137751579285, "Test set Pinball Loss_upper_test": 11.23290729522705, "Test set Pinball Loss_lower_cal": 0.909347414970398, "Test set Pinball Loss_upper_cal": 11.034306526184082, "CQR coverage": 0.1975891996142719, "_wandb": {"runtime": 399}}