{"lower_train Pinball loss": 0.7947776209224354, "lower_step": 4400, "lower_epoch": 199, "lower_optimizer": "adam", "_timestamp": 1724755060.088755, "_runtime": 4073.7949907779694, "_step": 403, "upper_train Pinball loss": 0.8429903550581499, "upper_step": 4400, "upper_epoch": 199, "upper_optimizer": "adam", "Test set Pinball Loss_lower_test": 1.053450107574463, "Test set Pinball Loss_upper_test": 17.24629020690918, "Test set Pinball Loss_lower_cal": 0.9243465065956116, "Test set Pinball Loss_upper_cal": 10.03506088256836, "_wandb": {"runtime": 4074}}