{"quantiles_train Quantile loss": 3.939951022466024, "quantiles_step": 1200, "quantiles_epoch": 199, "quantiles_optimizer": "adam", "_timestamp": 1732881612.574403, "_runtime": 299.50566816329956, "_step": 402, "quantiles_val Quantile loss": 5.304861545562744, "Test set Quantile Loss_uncalibrated": 6.51668643951416, "Test set Quantile Loss_calibration_samples": 5.358500003814697, "CQR coverage": 0.9328032580238534, "RMSE": 15.499513626098633, "_wandb": {"runtime": 298}}