{"lower_train Pinball loss": 0.8427407486098153, "lower_step": 700, "lower_epoch": 99, "lower_optimizer": "adam", "_timestamp": 1725280939.6732259, "_runtime": 675.6689109802246, "_step": 404, "lower_val Pinball loss": 0.9310207366943359, "upper_train Pinball loss": 0.9941827739988055, "upper_step": 700, "upper_epoch": 99, "upper_optimizer": "adam", "upper_val Pinball loss": 0.9057958722114563, "Test set Pinball Loss_lower_test": 1.1055216789245605, "Test set Pinball Loss_upper_test": 13.396634101867676, "Test set Pinball Loss_lower_cal": 0.9502891898155212, "Test set Pinball Loss_upper_cal": 13.832036972045898, "CQR coverage": 0.1688610406091371, "_wandb": {"runtime": 675}}