{"quantiles_train Quantile loss": 7.488589843114217, "quantiles_step": 600, "quantiles_epoch": 99, "quantiles_optimizer": "adam", "_timestamp": 1725410512.777187, "_runtime": 323.23250699043274, "_step": 202, "quantiles_val Quantile loss": 8.563021659851074, "Test set Quantile Loss_quantiles_test": 8.673233032226562, "Test set Quantile Loss_quantiles_cal": 8.325185775756836, "CQR coverage": 0.8419829008549573, "_wandb": {"runtime": 322}}