{"quantiles_train Quantile loss": 6.590835666656494, "quantiles_step": 1000, "quantiles_epoch": 199, "quantiles_optimizer": "adam", "_timestamp": 1731380953.3838878, "_runtime": 336.1127188205719, "_step": 402, "quantiles_val Quantile loss": 7.554570198059082, "Test set Quantile Loss_uncalibrated": 7.596390247344971, "Test set Quantile Loss_calibration_samples": 7.722653865814209, "CQR coverage": 0.9610997809502229, "RMSE": 15.930597305297852, "_wandb": {"runtime": 335}}