{"lower_train Pinball loss": 0.6750440120697021, "lower_step": 6000, "lower_epoch": 299, "lower_optimizer": "adam", "_timestamp": 1724968894.230247, "_runtime": 4139.938887119293, "_step": 1204, "lower_val Pinball loss": 0.8631551861763, "upper_train Pinball loss": 0.7682142972946167, "upper_step": 6000, "upper_epoch": 299, "upper_optimizer": "adam", "upper_val Pinball loss": 0.9792777895927429, "Test set Pinball Loss_lower_test": 1.113067626953125, "Test set Pinball Loss_upper_test": 11.665568351745605, "Test set Pinball Loss_lower_cal": 0.9066630005836487, "Test set Pinball Loss_upper_cal": 9.799036026000977, "CQR coverage": 0.37430255816401725, "_wandb": {"runtime": 4138}}