{"quantiles_train Quantile loss": 6.4344329833984375, "quantiles_step": 1200, "quantiles_epoch": 199, "quantiles_optimizer": "adam", "_timestamp": 1725498705.659563, "_runtime": 562.5345590114594, "_step": 402, "quantiles_val Quantile loss": 8.0774507522583, "Test set Quantile Loss_uncalibrated": 9.168500900268555, "Test set Quantile Loss_calibration_samples": 8.16027545928955, "CQR coverage": 0.9061046947652618, "RMSE": 16.569963455200195, "_wandb": {"runtime": 560}}