{"lower_train Pinball loss": 0.8373362847736904, "lower_step": 700, "lower_epoch": 99, "lower_optimizer": "adam", "_timestamp": 1725291617.3839302, "_runtime": 471.466735124588, "_step": 404, "lower_val Pinball loss": 0.9378299117088318, "upper_train Pinball loss": 0.9597812465259007, "upper_step": 700, "upper_epoch": 99, "upper_optimizer": "adam", "upper_val Pinball loss": 0.9310141801834106, "Test set Pinball Loss_lower_test": 1.0086909532546997, "Test set Pinball Loss_upper_test": 13.299346923828125, "Test set Pinball Loss_lower_cal": 0.982650101184845, "Test set Pinball Loss_upper_cal": 12.424933433532715, "CQR coverage": 0.1693189051559516, "_wandb": {"runtime": 471}}