{"lower_train Pinball loss": 0.903231816632407, "lower_step": 700, "lower_epoch": 99, "lower_optimizer": "adam", "_timestamp": 1725281632.674092, "_runtime": 682.9409301280975, "_step": 404, "lower_val Pinball loss": 0.9791343808174133, "upper_train Pinball loss": 0.996436996119363, "upper_step": 700, "upper_epoch": 99, "upper_optimizer": "adam", "upper_val Pinball loss": 0.9324634075164795, "Test set Pinball Loss_lower_test": 1.0825550556182861, "Test set Pinball Loss_upper_test": 14.109405517578125, "Test set Pinball Loss_lower_cal": 0.9830814599990845, "Test set Pinball Loss_upper_cal": 12.650124549865723, "CQR coverage": 0.15204631979695427, "_wandb": {"runtime": 682}}