{"lower_train Pinball loss": 0.9068080612591335, "lower_step": 700, "lower_epoch": 99, "lower_optimizer": "adam", "_timestamp": 1725296948.049731, "_runtime": 585.6601409912109, "_step": 404, "lower_val Pinball loss": 0.9306965470314026, "upper_train Pinball loss": 1.0111716815403529, "upper_step": 700, "upper_epoch": 99, "upper_optimizer": "adam", "upper_val Pinball loss": 0.96168053150177, "Test set Pinball Loss_lower_test": 1.0471906661987305, "Test set Pinball Loss_upper_test": 17.792726516723633, "Test set Pinball Loss_lower_cal": 0.9904080033302307, "Test set Pinball Loss_upper_cal": 12.52591609954834, "CQR coverage": 0.0950078003120125, "_wandb": {"runtime": 585}}