{"quantiles_train Quantile loss": 6.968129237492879, "quantiles_step": 600, "quantiles_epoch": 99, "quantiles_optimizer": "adam", "_timestamp": 1725411866.719392, "_runtime": 240.46375703811646, "_step": 202, "quantiles_val Quantile loss": 7.032905578613281, "Test set Quantile Loss_quantiles_test": 7.606666564941406, "Test set Quantile Loss_quantiles_cal": 6.7647247314453125, "CQR coverage": 0.8299835008249588, "RMSE": 15.717795372009277, "_wandb": {"runtime": 239}}