{"quantiles_train Quantile loss": 5.839770555496216, "quantiles_step": 1200, "quantiles_epoch": 199, "quantiles_optimizer": "adam", "_timestamp": 1725420847.697969, "_runtime": 503.4620530605316, "_step": 402, "quantiles_val Quantile loss": 7.711433410644531, "Test set Quantile Loss_uncalibrated": 8.146047592163086, "Test set Quantile Loss_calibration_samples": 7.325013160705566, "CQR coverage": 0.8304334783260837, "RMSE": 15.466240882873535, "_wandb": {"runtime": 502}}