{"quantiles_train Quantile loss": 4.939017454783122, "quantiles_step": 1200, "quantiles_epoch": 199, "quantiles_optimizer": "adam", "_timestamp": 1731457510.895238, "_runtime": 277.62432384490967, "_step": 402, "quantiles_val Quantile loss": 6.22042989730835, "Test set Quantile Loss_uncalibrated": 8.7932767868042, "Test set Quantile Loss_calibration_samples": 6.811257362365723, "CQR coverage": 0.9124406089401726, "RMSE": 15.989136695861816, "_wandb": {"runtime": 276}}