{"quantiles_train Quantile loss": 4.798389991124471, "quantiles_step": 1200, "quantiles_epoch": 199, "quantiles_optimizer": "adam", "_timestamp": 1731460827.893434, "_runtime": 255.29115200042725, "_step": 402, "quantiles_val Quantile loss": 6.9754815101623535, "Test set Quantile Loss_uncalibrated": 8.15013313293457, "Test set Quantile Loss_calibration_samples": 6.62087345123291, "CQR coverage": 0.9217492485212838, "RMSE": 14.153437614440918, "_wandb": {"runtime": 254}}