{"quantiles_train Quantile loss": 6.50669264793396, "quantiles_step": 1200, "quantiles_epoch": 199, "quantiles_optimizer": "adam", "_timestamp": 1729169199.4087522, "_runtime": 552.2286462783813, "_step": 402, "quantiles_val Quantile loss": 7.744929313659668, "Test set Quantile Loss_uncalibrated": 8.665693283081055, "Test set Quantile Loss_calibration_samples": 7.444293022155762, "CQR coverage": 0.9260536973151342, "RMSE": 16.810768127441406, "_wandb": {"runtime": 551}}