{"lower_train Pinball loss": 9.141439829553876, "lower_step": 7, "lower_epoch": 0, "lower_optimizer": "adam", "_timestamp": 1725034664.821056, "_runtime": 25.441460847854614, "_step": 8, "lower_val Pinball loss": 1.6002492904663086, "upper_train Pinball loss": 29.704972675868444, "upper_step": 7, "upper_epoch": 0, "upper_optimizer": "adam", "upper_val Pinball loss": 30.506925582885742, "Test set Pinball Loss_lower_test": 1.4751743078231812, "Test set Pinball Loss_upper_test": 27.038593292236328, "Test set Pinball Loss_lower_cal": 1.5582507848739624, "Test set Pinball Loss_upper_cal": 1.59385085105896, "CQR coverage": 0.940117385786802, "_wandb": {"runtime": 24}}