{"quantiles_train Quantile loss": 4.820255756378174, "quantiles_step": 1200, "quantiles_epoch": 199, "quantiles_optimizer": "adam", "_timestamp": 1731456631.775264, "_runtime": 279.27317214012146, "_step": 402, "quantiles_val Quantile loss": 6.847855567932129, "Test set Quantile Loss_uncalibrated": 8.167387008666992, "Test set Quantile Loss_calibration_samples": 6.670971393585205, "CQR coverage": 0.9174827887132745, "RMSE": 14.144176483154297, "_wandb": {"runtime": 278}}