{"quantiles_train Quantile loss": 43.87189945421721, "quantiles_step": 38, "quantiles_epoch": 1, "quantiles_optimizer": "adam", "_timestamp": 1729179786.491353, "_runtime": 19.27190113067627, "_step": 4, "quantiles_val Quantile loss": 37.67918395996094, "Test set Quantile Loss_uncalibrated": 36.552616119384766, "_wandb": {"runtime": 744}}