{"quantiles_train Quantile loss": 4.674188454945882, "quantiles_step": 1200, "quantiles_epoch": 199, "quantiles_optimizer": "adam", "_timestamp": 1732799041.84322, "_runtime": 238.48437809944153, "_step": 402, "quantiles_val Quantile loss": 6.7888360023498535, "Test set Quantile Loss_uncalibrated": 8.58726978302002, "Test set Quantile Loss_calibration_samples": 6.685589790344238, "CQR coverage": 0.9107922040143508, "RMSE": 14.658312797546387, "_wandb": {"runtime": 237}}