{"quantiles_train Quantile loss": 80.2637669245402, "quantiles_step": 6, "quantiles_epoch": 0, "quantiles_optimizer": "adam", "_timestamp": 1725409642.787238, "_runtime": 18.37210178375244, "_step": 3, "quantiles_val Quantile loss": 18.611095428466797, "Test set Quantile Loss_quantiles_test": 17.607526779174805, "Test set Quantile Loss_quantiles_cal": 18.691694259643555, "_wandb": {"runtime": 172}}