{"quantiles_train Quantile loss": 4.793157577514648, "quantiles_step": 1200, "quantiles_epoch": 199, "quantiles_optimizer": "adam", "_timestamp": 1731459451.647724, "_runtime": 273.13546800613403, "_step": 402, "quantiles_val Quantile loss": 6.420422077178955, "Test set Quantile Loss_uncalibrated": 8.475316047668457, "Test set Quantile Loss_calibration_samples": 6.812887668609619, "CQR coverage": 0.9178706486958208, "RMSE": 14.564839363098145, "_wandb": {"runtime": 271}}