{"quantiles_train Quantile loss": 37.03209164268092, "quantiles_step": 38, "quantiles_epoch": 1, "quantiles_optimizer": "adam", "_timestamp": 1729179483.389767, "_runtime": 18.692085027694702, "_step": 4, "quantiles_val Quantile loss": 24.172683715820312, "Test set Quantile Loss_uncalibrated": 22.396818161010742, "_wandb": {"runtime": 111}}