{"lower_train Pinball loss": 0.9094040564128331, "lower_step": 700, "lower_epoch": 99, "lower_optimizer": "adam", "_timestamp": 1725297559.801715, "_runtime": 604.253613948822, "_step": 404, "lower_val Pinball loss": 1.0074965953826904, "upper_train Pinball loss": 1.0406598959650313, "upper_step": 700, "upper_epoch": 99, "upper_optimizer": "adam", "upper_val Pinball loss": 1.0640246868133545, "Test set Pinball Loss_lower_test": 1.0683059692382812, "Test set Pinball Loss_upper_test": 19.082805633544922, "Test set Pinball Loss_lower_cal": 1.0056320428848267, "Test set Pinball Loss_upper_cal": 11.93677806854248, "CQR coverage": 0.07020280811232449, "_wandb": {"runtime": 604}}