{"quantiles_train Quantile loss": 45.85521411895752, "quantiles_step": 6, "quantiles_epoch": 0, "quantiles_optimizer": "adam", "_timestamp": 1725411531.8169549, "_runtime": 11.454152822494507, "_step": 4, "quantiles_val Quantile loss": 40.50927734375, "Test set Quantile Loss_quantiles_test": 39.29271697998047, "Test set Quantile Loss_quantiles_cal": 40.5037841796875, "CQR coverage": 0.8270586470676466, "RMSE": 30.102867126464844, "_wandb": {"runtime": 10}}