{"quantiles_train Quantile loss": 5.594413836797078, "quantiles_step": 1200, "quantiles_epoch": 199, "quantiles_optimizer": "adam", "_timestamp": 1732886344.4141219, "_runtime": 406.53381991386414, "_step": 402, "quantiles_val Quantile loss": 6.281019687652588, "Test set Quantile Loss_uncalibrated": 6.199560165405273, "Test set Quantile Loss_calibration_samples": 5.834151744842529, "CQR coverage": 0.9500524973751312, "RMSE": 18.023408889770508, "_wandb": {"runtime": 405}}