{"quantiles_train Quantile loss": 4.906949043273926, "quantiles_step": 1200, "quantiles_epoch": 199, "quantiles_optimizer": "adam", "_timestamp": 1732799315.864595, "_runtime": 261.5854208469391, "_step": 402, "quantiles_val Quantile loss": 6.717398643493652, "Test set Quantile Loss_uncalibrated": 7.9784345626831055, "Test set Quantile Loss_calibration_samples": 6.747866153717041, "CQR coverage": 0.9336759429845826, "RMSE": 15.12764835357666, "_wandb": {"runtime": 260}}