{"lower_train Pinball loss": 0.5164572128227779, "lower_step": 1050, "lower_epoch": 149, "lower_optimizer": "adam", "_timestamp": 1725008375.957346, "_runtime": 380.9961950778961, "_step": 604, "lower_val Pinball loss": 0.7936989068984985, "upper_train Pinball loss": 0.6672793286187308, "upper_step": 1050, "upper_epoch": 149, "upper_optimizer": "adam", "upper_val Pinball loss": 1.1242620944976807, "Test set Pinball Loss_lower_test": NaN, "Test set Pinball Loss_upper_test": NaN, "Test set Pinball Loss_lower_cal": 0.9656351804733276, "Test set Pinball Loss_upper_cal": 9.691691398620605, "CQR coverage": 1.0, "_wandb": {"runtime": 380}}