{"quantiles_train Quantile loss": 4.905267397562663, "quantiles_step": 1200, "quantiles_epoch": 199, "quantiles_optimizer": "adam", "_timestamp": 1725492362.7590232, "_runtime": 475.5857582092285, "_step": 402, "quantiles_val Quantile loss": 6.468031406402588, "Test set Quantile Loss_uncalibrated": 8.340109825134277, "Test set Quantile Loss_calibration_samples": 6.762593746185303, "CQR coverage": 0.898186754581596, "RMSE": 15.141254425048828, "_wandb": {"runtime": 473}}