{"lower_train Pinball loss": 0.8208909375326974, "lower_step": 700, "lower_epoch": 99, "lower_optimizer": "adam", "_timestamp": 1725287112.745507, "_runtime": 455.0104470252991, "_step": 404, "lower_val Pinball loss": 0.9797844290733337, "upper_train Pinball loss": 0.9882698995726449, "upper_step": 700, "upper_epoch": 99, "upper_optimizer": "adam", "upper_val Pinball loss": 0.9458182454109192, "Test set Pinball Loss_lower_test": 1.2126262187957764, "Test set Pinball Loss_upper_test": 13.460362434387207, "Test set Pinball Loss_lower_cal": 0.9337043762207031, "Test set Pinball Loss_upper_cal": 12.62805461883545, "CQR coverage": 0.21771890862944165, "_wandb": {"runtime": 454}}