{"quantiles_train Quantile loss": 6.165751552581787, "quantiles_step": 1000, "quantiles_epoch": 199, "quantiles_optimizer": "adam", "_timestamp": 1731380236.421365, "_runtime": 366.5052080154419, "_step": 402, "quantiles_val Quantile loss": 6.878528118133545, "Test set Quantile Loss_uncalibrated": 6.851897716522217, "Test set Quantile Loss_calibration_samples": 6.852413177490234, "CQR coverage": 0.9689553591661002, "RMSE": 14.595564842224121, "_wandb": {"runtime": 365}}