{"quantiles_train Quantile loss": 46.72457504272461, "quantiles_step": 19, "quantiles_epoch": 0, "quantiles_optimizer": "adam", "_timestamp": 1731099772.273898, "_runtime": 22.373368978500366, "_step": 4, "quantiles_val Quantile loss": 43.4410400390625, "Test set Quantile Loss_uncalibrated": 43.6002082824707, "Test set Quantile Loss_calibration_samples": 43.969783782958984, "CQR coverage": 0.8983025938717025, "RMSE": 32.16965866088867, "_wandb": {"runtime": 21}}