{"lower_train Pinball loss": 1.0555482762200492, "lower_step": 7, "lower_epoch": 0, "lower_optimizer": "adam", "_timestamp": 1725039751.041754, "_runtime": 12.59808611869812, "_step": 8, "lower_val Pinball loss": 0.9584380984306335, "upper_train Pinball loss": 11.781570843287877, "upper_step": 7, "upper_epoch": 0, "upper_optimizer": "adam", "upper_val Pinball loss": 12.455915451049805, "Test set Pinball Loss_lower_test": NaN, "Test set Pinball Loss_upper_test": NaN, "Test set Pinball Loss_lower_cal": 1.0757259130477905, "Test set Pinball Loss_upper_cal": 1.1366870403289795, "CQR coverage": 1.0, "_wandb": {"runtime": 11}}