{"quantiles_train Quantile loss": 6.256979147593181, "quantiles_step": 1200, "quantiles_epoch": 199, "quantiles_optimizer": "adam", "_timestamp": 1725461721.040211, "_runtime": 465.28170895576477, "_step": 402, "quantiles_val Quantile loss": 6.742249965667725, "Test set Quantile Loss_uncalibrated": 8.11736011505127, "Test set Quantile Loss_calibration_samples": 7.249234676361084, "CQR coverage": 0.8241337933103345, "RMSE": 14.966917991638184, "_wandb": {"runtime": 464}}