{"quantiles_train Quantile loss": 4.6957424481709795, "quantiles_step": 642, "quantiles_epoch": 106, "quantiles_optimizer": "adam", "_timestamp": 1732880949.4376051, "_runtime": 168.8097321987152, "_step": 212, "quantiles_val Quantile loss": 5.364001750946045, "_wandb": {"runtime": 168}}