{"lower_train Pinball loss": 0.7813078675951276, "lower_step": 700, "lower_epoch": 99, "lower_optimizer": "adam", "_timestamp": 1725293811.322544, "_runtime": 507.37738704681396, "_step": 404, "lower_val Pinball loss": 1.02382230758667, "upper_train Pinball loss": 0.92709881067276, "upper_step": 700, "upper_epoch": 99, "upper_optimizer": "adam", "upper_val Pinball loss": 1.0586930513381958, "Test set Pinball Loss_lower_test": 1.1398286819458008, "Test set Pinball Loss_upper_test": 12.104592323303223, "Test set Pinball Loss_lower_cal": 0.9889302849769592, "Test set Pinball Loss_upper_cal": 13.072376251220703, "CQR coverage": 0.2532622533418205, "_wandb": {"runtime": 507}}