{"lower_train Pinball loss": 0.7367497086524963, "lower_step": 1600, "lower_epoch": 99, "lower_optimizer": "adam", "_timestamp": 1724081173.588861, "_runtime": 1141.8415699005127, "_step": 203, "upper_train Pinball loss": 0.9354358017444611, "upper_step": 1600, "upper_epoch": 99, "upper_optimizer": "adam", "Test set Pinball Loss_lower_test": 10.086936950683594, "Test set Pinball Loss_upper_test": 1.1746398210525513, "Test set Pinball Loss_lower_cal": 12.916706085205078, "Test set Pinball Loss_upper_cal": 12.911747932434082, "_wandb": {"runtime": 1142}}