{"quantiles_train Quantile loss": 6.31802503267924, "quantiles_step": 1200, "quantiles_epoch": 199, "quantiles_optimizer": "adam", "_timestamp": 1731203101.037716, "_runtime": 446.0482978820801, "_step": 402, "quantiles_val Quantile loss": 7.5190205574035645, "Test set Quantile Loss_uncalibrated": 8.686086654663086, "Test set Quantile Loss_calibration_samples": 7.350992679595947, "CQR coverage": 0.9260536973151342, "RMSE": 16.034706115722656, "_wandb": {"runtime": 445}}