{"lower_train Pinball loss": 0.5946044070380074, "lower_step": 1050, "lower_epoch": 149, "lower_optimizer": "adam", "_timestamp": 1725007979.6779342, "_runtime": 397.27740120887756, "_step": 604, "lower_val Pinball loss": 1.1035616397857666, "upper_train Pinball loss": 0.729910135269165, "upper_step": 1050, "upper_epoch": 149, "upper_optimizer": "adam", "upper_val Pinball loss": 1.3814351558685303, "Test set Pinball Loss_lower_test": NaN, "Test set Pinball Loss_upper_test": NaN, "Test set Pinball Loss_lower_cal": 1.084328055381775, "Test set Pinball Loss_upper_cal": 10.29477310180664, "CQR coverage": 0.6501395975738904, "_wandb": {"runtime": 396}}