{"lower_train Pinball loss": 0.654644855431148, "lower_step": 700, "lower_epoch": 99, "lower_optimizer": "adam", "_timestamp": 1725227635.061501, "_runtime": 281.864089012146, "_step": 399, "lower_val Pinball loss": 1.0956515073776245, "upper_train Pinball loss": 0.8626986997468131, "upper_step": 700, "upper_epoch": 99, "upper_optimizer": "adam", "upper_val Pinball loss": 1.5189708471298218, "_wandb": {"runtime": 281}}