{"lower_train Pinball loss": 0.6586099352155413, "lower_step": 700, "lower_epoch": 99, "lower_optimizer": "adam", "_timestamp": 1725288446.344455, "_runtime": 275.37066292762756, "_step": 404, "lower_val Pinball loss": 0.9611375331878662, "upper_train Pinball loss": 0.8619097471237183, "upper_step": 700, "upper_epoch": 99, "upper_optimizer": "adam", "upper_val Pinball loss": 1.2191413640975952, "Test set Pinball Loss_lower_test": 0.9503675699234009, "Test set Pinball Loss_upper_test": 10.925748825073242, "Test set Pinball Loss_lower_cal": 0.968567967414856, "Test set Pinball Loss_upper_cal": 11.292478561401367, "CQR coverage": 0.231533269045323, "_wandb": {"runtime": 275}}