{"quantiles_train Quantile loss": 5.964848915735881, "quantiles_step": 1200, "quantiles_epoch": 199, "quantiles_optimizer": "adam", "_timestamp": 1725489407.102955, "_runtime": 610.689982175827, "_step": 402, "quantiles_val Quantile loss": 6.609644412994385, "Test set Quantile Loss_uncalibrated": 8.541486740112305, "Test set Quantile Loss_calibration_samples": 7.068553447723389, "CQR coverage": 0.9074546272686366, "RMSE": 16.010942459106445, "_wandb": {"runtime": 609}}