{"lower_train Pinball loss": 0.6537555541310992, "lower_step": 700, "lower_epoch": 99, "lower_optimizer": "adam", "_timestamp": 1725267607.178915, "_runtime": 290.3896129131317, "_step": 404, "lower_val Pinball loss": 1.1107885837554932, "upper_train Pinball loss": 0.8324584535190037, "upper_step": 700, "upper_epoch": 99, "upper_optimizer": "adam", "upper_val Pinball loss": 1.1186875104904175, "Test set Pinball Loss_lower_test": 0.921055018901825, "Test set Pinball Loss_upper_test": 11.620377540588379, "Test set Pinball Loss_lower_cal": 0.9680976867675781, "Test set Pinball Loss_upper_cal": 11.312643051147461, "CQR coverage": 0.19778206364513018, "_wandb": {"runtime": 289}}