{"quantiles_train Quantile loss": 5.8792033195495605, "quantiles_step": 1200, "quantiles_epoch": 199, "quantiles_optimizer": "adam", "_timestamp": 1729165103.025013, "_runtime": 435.3954870700836, "_step": 402, "quantiles_val Quantile loss": 6.563826084136963, "Test set Quantile Loss_uncalibrated": 8.335816383361816, "Test set Quantile Loss_calibration_samples": 6.8530707359313965, "CQR coverage": 0.9304784760761962, "RMSE": 14.476774215698242, "_wandb": {"runtime": 434}}