{"lower_train Pinball loss": 0.6036214658192226, "lower_step": 700, "lower_epoch": 99, "lower_optimizer": "adam", "_timestamp": 1725288821.3435478, "_runtime": 366.71025490760803, "_step": 404, "lower_val Pinball loss": 0.9092918038368225, "upper_train Pinball loss": 0.7836537872041974, "upper_step": 700, "upper_epoch": 99, "upper_optimizer": "adam", "upper_val Pinball loss": 1.0201910734176636, "Test set Pinball Loss_lower_test": 1.0202218294143677, "Test set Pinball Loss_upper_test": 11.267864227294922, "Test set Pinball Loss_lower_cal": 0.9356945157051086, "Test set Pinball Loss_upper_cal": 11.476969718933105, "CQR coverage": 0.3197014925373134, "_wandb": {"runtime": 366}}