{"quantiles_train Quantile loss": 6.222034454345703, "quantiles_step": 1000, "quantiles_epoch": 199, "quantiles_optimizer": "adam", "_timestamp": 1731381317.7185018, "_runtime": 348.2912127971649, "_step": 402, "quantiles_val Quantile loss": 7.593292236328125, "Test set Quantile Loss_uncalibrated": 7.492448806762695, "Test set Quantile Loss_calibration_samples": 7.179921627044678, "CQR coverage": 0.9633658131278797, "RMSE": 15.51443099975586, "_wandb": {"runtime": 347}}