{"quantiles_train Quantile loss": 40.67154502868652, "quantiles_step": 19, "quantiles_epoch": 0, "quantiles_optimizer": "adam", "_timestamp": 1731088004.7714171, "_runtime": 22.914643049240112, "_step": 4, "quantiles_val Quantile loss": 42.06205749511719, "Test set Quantile Loss_uncalibrated": 41.74921798706055, "Test set Quantile Loss_calibration_samples": 42.173095703125, "CQR coverage": 0.8982536066818527, "RMSE": 33.384620666503906, "_wandb": {"runtime": 22}}