{"quantiles_train Quantile loss": 6.166200717290242, "quantiles_step": 1200, "quantiles_epoch": 199, "quantiles_optimizer": "adam", "_timestamp": 1731247177.333083, "_runtime": 455.25711393356323, "_step": 402, "quantiles_val Quantile loss": 7.421602725982666, "Test set Quantile Loss_uncalibrated": 8.666463851928711, "Test set Quantile Loss_calibration_samples": 7.495644569396973, "CQR coverage": 0.9289035548222588, "RMSE": 16.070711135864258, "_wandb": {"runtime": 454}}