{"lower_train Pinball loss": 0.6752149377550397, "lower_step": 700, "lower_epoch": 99, "lower_optimizer": "adam", "_timestamp": 1725279158.2191381, "_runtime": 409.6929581165314, "_step": 404, "lower_val Pinball loss": 0.9025328755378723, "upper_train Pinball loss": 0.8043348618916103, "upper_step": 700, "upper_epoch": 99, "upper_optimizer": "adam", "upper_val Pinball loss": 1.0973012447357178, "Test set Pinball Loss_lower_test": 0.9363803863525391, "Test set Pinball Loss_upper_test": 12.902519226074219, "Test set Pinball Loss_lower_cal": 0.9322220683097839, "Test set Pinball Loss_upper_cal": 11.001532554626465, "CQR coverage": 0.19720347155255546, "_wandb": {"runtime": 409}}