{"lower_train Pinball loss": 1.0328650729996818, "lower_step": 7, "lower_epoch": 0, "lower_optimizer": "adam", "_timestamp": 1725038995.561173, "_runtime": 14.216181993484497, "_step": 8, "lower_val Pinball loss": 1.3417831659317017, "upper_train Pinball loss": 13.499138832092285, "upper_step": 7, "upper_epoch": 0, "upper_optimizer": "adam", "upper_val Pinball loss": 12.281381607055664, "Test set Pinball Loss_lower_test": 0.8661410808563232, "Test set Pinball Loss_upper_test": 15.28048038482666, "Test set Pinball Loss_lower_cal": 1.0683319568634033, "Test set Pinball Loss_upper_cal": 1.0702922344207764, "CQR coverage": 0.8611940298507463, "_wandb": {"runtime": 13}}