{"quantiles_train Quantile loss": 4.9421595732371015, "quantiles_step": 1200, "quantiles_epoch": 199, "quantiles_optimizer": "adam", "_timestamp": 1731460005.298796, "_runtime": 261.25586104393005, "_step": 402, "quantiles_val Quantile loss": 6.651017189025879, "Test set Quantile Loss_uncalibrated": 7.8699774742126465, "Test set Quantile Loss_calibration_samples": 6.655520915985107, "CQR coverage": 0.9290216231940269, "RMSE": 14.429485321044922, "_wandb": {"runtime": 260}}