{"quantiles_train Quantile loss": 39.36191018422445, "quantiles_step": 6, "quantiles_epoch": 0, "quantiles_optimizer": "adam", "_timestamp": 1725409135.713634, "_runtime": 19.68533492088318, "_step": 3, "quantiles_val Quantile loss": 36.92049789428711, "Test set Quantile Loss_quantiles_test": 35.62760925292969, "Test set Quantile Loss_quantiles_cal": 37.12760543823242, "_wandb": {"runtime": 160}}