{"quantiles_train Quantile loss": 6.3902378877003985, "quantiles_step": 1200, "quantiles_epoch": 199, "quantiles_optimizer": "adam", "_timestamp": 1731201740.5194528, "_runtime": 434.5275728702545, "_step": 402, "quantiles_val Quantile loss": 6.599552154541016, "Test set Quantile Loss_uncalibrated": 7.868376731872559, "Test set Quantile Loss_calibration_samples": 6.8536834716796875, "CQR coverage": 0.943902804859757, "RMSE": 14.956084251403809, "_wandb": {"runtime": 433}}