{"quantiles_train Quantile loss": 111.03661457697551, "quantiles_step": 6, "quantiles_epoch": 0, "quantiles_optimizer": "adam", "_timestamp": 1725409574.704511, "_runtime": 18.439934015274048, "_step": 3, "quantiles_val Quantile loss": 13.716300964355469, "Test set Quantile Loss_quantiles_test": 13.110147476196289, "Test set Quantile Loss_quantiles_cal": 13.635655403137207, "_wandb": {"runtime": 48}}