{"quantiles_train Quantile loss": 70.10486634572347, "quantiles_step": 6, "quantiles_epoch": 0, "quantiles_optimizer": "adam", "_timestamp": 1725409062.2882571, "_runtime": 19.442660093307495, "_step": 3, "quantiles_val Quantile loss": 23.445018768310547, "Test set Quantile Loss_quantiles_test": 23.113985061645508, "Test set Quantile Loss_quantiles_cal": 24.313875198364258, "_wandb": {"runtime": 55}}