{"quantiles_train Quantile loss": 5.918472607930501, "quantiles_step": 1200, "quantiles_epoch": 199, "quantiles_optimizer": "adam", "_timestamp": 1725428706.0006359, "_runtime": 497.5374357700348, "_step": 402, "quantiles_val Quantile loss": 6.770801067352295, "Test set Quantile Loss_uncalibrated": 8.145562171936035, "Test set Quantile Loss_calibration_samples": 6.805471897125244, "CQR coverage": 0.8244337783110844, "RMSE": 15.262003898620605, "_wandb": {"runtime": 496}}