{"quantiles_train Quantile loss": 5.329498370488484, "quantiles_step": 1200, "quantiles_epoch": 199, "quantiles_optimizer": "adam", "_timestamp": 1732798790.464227, "_runtime": 250.55657696723938, "_step": 402, "quantiles_val Quantile loss": 6.133553504943848, "Test set Quantile Loss_uncalibrated": 7.685695648193359, "Test set Quantile Loss_calibration_samples": 6.517952919006348, "CQR coverage": 0.9269853582856589, "RMSE": 13.777153968811035, "_wandb": {"runtime": 249}}