{"lower_train Pinball loss": 0.7308235683224418, "lower_step": 4400, "lower_epoch": 199, "lower_optimizer": "adam", "_timestamp": 1724923116.529428, "_runtime": 4662.302153110504, "_step": 404, "upper_train Pinball loss": 0.8454627882350575, "upper_step": 4400, "upper_epoch": 199, "upper_optimizer": "adam", "Test set Pinball Loss_lower_test": 1.0390663146972656, "Test set Pinball Loss_upper_test": 13.143853187561035, "Test set Pinball Loss_lower_cal": 0.898525595664978, "Test set Pinball Loss_upper_cal": 11.527817726135254, "CQR coverage": 0.2505000526371197, "_wandb": {"runtime": 4658}}