{"lower_train Pinball loss": 2.00792595744133, "lower_step": 16, "lower_epoch": 0, "lower_optimizer": "adam", "_timestamp": 1724072556.620387, "_runtime": 19.92655897140503, "_step": 3, "upper_train Pinball loss": 11.866928100585938, "upper_step": 16, "upper_epoch": 0, "upper_optimizer": "adam", "Test set Pinball Loss_lower_test": 1.7319480180740356, "Test set Pinball Loss_upper_test": 15.849461555480957, "_wandb": {"runtime": 668}}