{"lower_train Pinball loss": 1.4139925411769323, "lower_step": 7, "lower_epoch": 0, "lower_optimizer": "adam", "_timestamp": 1725089658.046297, "_runtime": 197.3045060634613, "_step": 8, "lower_val Pinball loss": 1.4751759767532349, "upper_train Pinball loss": 8.421754717826843, "upper_step": 7, "upper_epoch": 0, "upper_optimizer": "adam", "upper_val Pinball loss": 4.399777889251709, "Test set Pinball Loss_lower_test": 1.2133013010025024, "Test set Pinball Loss_upper_test": 17.649269104003906, "Test set Pinball Loss_lower_cal": 1.4493489265441895, "Test set Pinball Loss_upper_cal": 5.264588356018066, "CQR coverage": 0.48915154907319003, "_wandb": {"runtime": 196}}