{"lower_train Pinball loss": 0.8129593815122332, "lower_step": 700, "lower_epoch": 99, "lower_optimizer": "adam", "_timestamp": 1725298888.5275981, "_runtime": 655.1297490596771, "_step": 404, "lower_val Pinball loss": 0.9510349631309509, "upper_train Pinball loss": 0.9520934990474156, "upper_step": 700, "upper_epoch": 99, "upper_optimizer": "adam", "upper_val Pinball loss": 0.9330580830574036, "Test set Pinball Loss_lower_test": 0.9368451237678528, "Test set Pinball Loss_upper_test": 14.296546936035156, "Test set Pinball Loss_lower_cal": 0.9307442903518677, "Test set Pinball Loss_upper_cal": 12.498626708984375, "CQR coverage": 0.16770670826833078, "_wandb": {"runtime": 655}}