{"lower_train Pinball loss": 0.6698271376746041, "lower_step": 700, "lower_epoch": 99, "lower_optimizer": "adam", "_timestamp": 1725302179.870047, "_runtime": 363.200471162796, "_step": 404, "lower_val Pinball loss": 1.0445894002914429, "upper_train Pinball loss": 0.8634120736803327, "upper_step": 700, "upper_epoch": 99, "upper_optimizer": "adam", "upper_val Pinball loss": 1.2108728885650635, "Test set Pinball Loss_lower_test": 0.870438277721405, "Test set Pinball Loss_upper_test": 13.612306594848633, "Test set Pinball Loss_lower_cal": 1.0980212688446045, "Test set Pinball Loss_upper_cal": 10.47507095336914, "CQR coverage": 0.18888995860209878, "_wandb": {"runtime": 363}}