{"quantiles_train Quantile loss": 5.46857229868571, "quantiles_step": 1200, "quantiles_epoch": 199, "quantiles_optimizer": "adam", "_timestamp": 1725477029.9756281, "_runtime": 318.18574118614197, "_step": 402, "quantiles_val Quantile loss": 6.63862419128418, "Test set Quantile Loss_uncalibrated": 7.52107572555542, "Test set Quantile Loss_calibration_samples": 6.603555202484131, "CQR coverage": 0.8192572481334238, "RMSE": 13.51860523223877, "_wandb": {"runtime": 317}}