{"lower_train Pinball loss": 0.6756603973252433, "lower_step": 700, "lower_epoch": 99, "lower_optimizer": "adam", "_timestamp": 1725288161.1943731, "_runtime": 249.86169719696045, "_step": 404, "lower_val Pinball loss": 0.9807090759277344, "upper_train Pinball loss": 0.8686800599098206, "upper_step": 700, "upper_epoch": 99, "upper_optimizer": "adam", "upper_val Pinball loss": 1.1949121952056885, "Test set Pinball Loss_lower_test": 0.9539149403572083, "Test set Pinball Loss_upper_test": 11.621347427368164, "Test set Pinball Loss_lower_cal": 0.9550603628158569, "Test set Pinball Loss_upper_cal": 11.855547904968262, "CQR coverage": 0.18457087753134038, "_wandb": {"runtime": 249}}