{"lower_train Pinball loss": 0.653474143573216, "lower_step": 700, "lower_epoch": 99, "lower_optimizer": "adam", "_timestamp": 1725302559.0440068, "_runtime": 371.2332127094269, "_step": 404, "lower_val Pinball loss": 1.1249417066574097, "upper_train Pinball loss": 0.9256988252912249, "upper_step": 700, "upper_epoch": 99, "upper_optimizer": "adam", "upper_val Pinball loss": 1.3215850591659546, "Test set Pinball Loss_lower_test": 0.8534117341041565, "Test set Pinball Loss_upper_test": 11.565629005432129, "Test set Pinball Loss_lower_cal": 1.142227292060852, "Test set Pinball Loss_upper_cal": 10.505340576171875, "CQR coverage": 0.2667757774140753, "_wandb": {"runtime": 371}}