{"quantiles_train Quantile loss": 11.977492533232036, "quantiles_step": 38, "quantiles_epoch": 1, "quantiles_optimizer": "adam", "_timestamp": 1729250369.84051, "_runtime": 48.1866888999939, "_step": 6, "quantiles_val Quantile loss": 10.038032531738281, "Test set Quantile Loss_uncalibrated": 10.240296363830566, "Test set Quantile Loss_calibration_samples": 9.834820747375488, "CQR coverage": 0.8841452960050946, "RMSE": 23.936199188232422, "_wandb": {"runtime": 47}}