{"quantiles_train Quantile loss": -1.775120238265093e+24, "quantiles_step": 48, "quantiles_epoch": 7, "quantiles_optimizer": "adam", "_timestamp": 1725405066.5570009, "_runtime": 61.756502866744995, "_step": 15, "quantiles_val Quantile loss": -8.200933144107749e+23, "_wandb": {"runtime": 61}}