{"lower_train Pinball loss": 0.9673920683562756, "lower_step": 640, "lower_epoch": 39, "lower_optimizer": "adam", "_timestamp": 1724076131.26003, "_runtime": 558.3070521354675, "_step": 83, "upper_train Pinball loss": 1.035727508366108, "upper_step": 640, "upper_epoch": 39, "upper_optimizer": "adam", "Test set Pinball Loss_lower_test": 10.75097942352295, "Test set Pinball Loss_upper_test": 1.1467251777648926, "Test set Pinball Loss_lower_cal": 13.50709342956543, "Test set Pinball Loss_upper_cal": 13.502119064331055, "_wandb": {"runtime": 558}}