{"quantiles_train Quantile loss": 6.66904600461324, "quantiles_step": 1200, "quantiles_epoch": 199, "quantiles_optimizer": "adam", "_timestamp": 1731202194.114723, "_runtime": 437.06245493888855, "_step": 402, "quantiles_val Quantile loss": 7.462857723236084, "Test set Quantile Loss_uncalibrated": 8.861114501953125, "Test set Quantile Loss_calibration_samples": 7.757872104644775, "CQR coverage": 0.9263536823158842, "RMSE": 17.62601661682129, "_wandb": {"runtime": 436}}