{"lower_train Pinball loss": 0.6123003704207284, "lower_step": 700, "lower_epoch": 99, "lower_optimizer": "adam", "_timestamp": 1725289209.4316869, "_runtime": 377.63238978385925, "_step": 404, "lower_val Pinball loss": 0.9185646176338196, "upper_train Pinball loss": 0.7849475230489459, "upper_step": 700, "upper_epoch": 99, "upper_optimizer": "adam", "upper_val Pinball loss": 0.9565686583518982, "Test set Pinball Loss_lower_test": 0.9836910367012024, "Test set Pinball Loss_upper_test": 12.746099472045898, "Test set Pinball Loss_lower_cal": 1.0378631353378296, "Test set Pinball Loss_upper_cal": 10.714645385742188, "CQR coverage": 0.24845771144278606, "_wandb": {"runtime": 377}}