{"lower_train Pinball loss": 0.8758867468152728, "lower_step": 700, "lower_epoch": 99, "lower_optimizer": "adam", "_timestamp": 1725167464.952922, "_runtime": 12269.332408189774, "_step": 404, "lower_val Pinball loss": 1.1018420457839966, "upper_train Pinball loss": 1.0101343393325806, "upper_step": 700, "upper_epoch": 99, "upper_optimizer": "adam", "upper_val Pinball loss": 1.0530099868774414, "Test set Pinball Loss_lower_test": 1.2282294034957886, "Test set Pinball Loss_upper_test": 20.761667251586914, "Test set Pinball Loss_lower_cal": 1.0004148483276367, "Test set Pinball Loss_upper_cal": 13.816630363464355, "CQR coverage": 0.07095117373983473, "_wandb": {"runtime": 12268}}