{"lower_train Pinball loss": 0.8747697337107225, "lower_step": 2200, "lower_epoch": 99, "lower_optimizer": "adam", "_timestamp": 1724696283.0382578, "_runtime": 2263.1922838687897, "_step": 203, "upper_train Pinball loss": 0.9831161769953641, "upper_step": 2200, "upper_epoch": 99, "upper_optimizer": "adam", "Test set Pinball Loss_lower_test": 1.0702139139175415, "Test set Pinball Loss_upper_test": 18.162174224853516, "Test set Pinball Loss_lower_cal": 0.9637982845306396, "Test set Pinball Loss_upper_cal": 11.634843826293945, "_wandb": {"runtime": 2264}}