{"quantiles_train Quantile loss": 3.762776176134745, "quantiles_step": 1200, "quantiles_epoch": 199, "quantiles_optimizer": "adam", "_timestamp": 1732881296.2534451, "_runtime": 304.36620807647705, "_step": 402, "quantiles_val Quantile loss": 5.338368892669678, "Test set Quantile Loss_uncalibrated": 6.645153522491455, "Test set Quantile Loss_calibration_samples": 5.293494701385498, "CQR coverage": 0.9265974983031126, "RMSE": 15.266740798950195, "_wandb": {"runtime": 303}}