{"quantiles_train Quantile loss": 5.554671923319499, "quantiles_step": 1200, "quantiles_epoch": 199, "quantiles_optimizer": "adam", "_timestamp": 1725496427.517031, "_runtime": 539.235554933548, "_step": 402, "quantiles_val Quantile loss": 7.111150741577148, "Test set Quantile Loss_uncalibrated": 7.98385763168335, "Test set Quantile Loss_calibration_samples": 7.1593017578125, "CQR coverage": 0.9225288735563222, "RMSE": 14.753840446472168, "_wandb": {"runtime": 537}}