{"lower_train Pinball loss": 0.9077246018818447, "lower_step": 700, "lower_epoch": 99, "lower_optimizer": "adam", "_timestamp": 1725286649.454849, "_runtime": 462.0405271053314, "_step": 404, "lower_val Pinball loss": 0.9529720544815063, "upper_train Pinball loss": 1.001099910054888, "upper_step": 700, "upper_epoch": 99, "upper_optimizer": "adam", "upper_val Pinball loss": 0.9562556147575378, "Test set Pinball Loss_lower_test": 1.1165454387664795, "Test set Pinball Loss_upper_test": 15.2180757522583, "Test set Pinball Loss_lower_cal": 0.9906604886054993, "Test set Pinball Loss_upper_cal": 12.633737564086914, "CQR coverage": 0.16782994923857864, "_wandb": {"runtime": 462}}