{"quantiles_train Quantile loss": 5.2389182249705, "quantiles_step": 1200, "quantiles_epoch": 199, "quantiles_optimizer": "adam", "_timestamp": 1732883151.6835, "_runtime": 539.3517360687256, "_step": 402, "quantiles_val Quantile loss": 5.708744049072266, "Test set Quantile Loss_uncalibrated": 6.496349334716797, "Test set Quantile Loss_calibration_samples": 5.642263889312744, "CQR coverage": 0.9456277186140692, "RMSE": 17.91142463684082, "_wandb": {"runtime": 538}}