{"quantiles_train Quantile loss": 4.637619256973267, "quantiles_step": 1200, "quantiles_epoch": 199, "quantiles_optimizer": "adam", "_timestamp": 1725497365.3423538, "_runtime": 481.9552319049835, "_step": 402, "quantiles_val Quantile loss": 6.667418003082275, "Test set Quantile Loss_uncalibrated": 8.022208213806152, "Test set Quantile Loss_calibration_samples": 6.508845329284668, "CQR coverage": 0.9076893241539804, "RMSE": 13.655806541442871, "_wandb": {"runtime": 480}}