{"lower_train Pinball loss": 0.766219070979527, "lower_step": 1050, "lower_epoch": 149, "lower_optimizer": "adam", "_timestamp": 1725028817.806894, "_runtime": 20430.48392009735, "_step": 604, "lower_val Pinball loss": 1.0369277000427246, "upper_train Pinball loss": 0.9234177640506199, "upper_step": 1050, "upper_epoch": 149, "upper_optimizer": "adam", "upper_val Pinball loss": 0.9884373545646667, "Test set Pinball Loss_lower_test": 1.2095980644226074, "Test set Pinball Loss_upper_test": 12.091390609741211, "Test set Pinball Loss_lower_cal": 0.9638534784317017, "Test set Pinball Loss_upper_cal": 13.390199661254883, "CQR coverage": 0.23494551081552695, "_wandb": {"runtime": 20429}}