{"quantiles_train Quantile loss": 6.875056823094686, "quantiles_step": 1200, "quantiles_epoch": 199, "quantiles_optimizer": "adam", "_timestamp": 1731250977.931833, "_runtime": 481.1974151134491, "_step": 402, "quantiles_val Quantile loss": 8.12856388092041, "Test set Quantile Loss_uncalibrated": 8.031185150146484, "Test set Quantile Loss_calibration_samples": 8.010000228881836, "CQR coverage": 0.9518524073796311, "RMSE": 16.627042770385742, "_wandb": {"runtime": 480}}