{"quantiles_train Quantile loss": 6.739921490351359, "quantiles_step": 1200, "quantiles_epoch": 199, "quantiles_optimizer": "adam", "_timestamp": 1729168063.8728251, "_runtime": 479.8104991912842, "_step": 402, "quantiles_val Quantile loss": 7.033219337463379, "Test set Quantile Loss_uncalibrated": 7.739408493041992, "Test set Quantile Loss_calibration_samples": 6.916652202606201, "CQR coverage": 0.9428528573571322, "RMSE": 14.632570266723633, "_wandb": {"runtime": 478}}