{"quantiles_train Quantile loss": 6.119321823120117, "quantiles_step": 1200, "quantiles_epoch": 199, "quantiles_optimizer": "adam", "_timestamp": 1731247637.967835, "_runtime": 444.51983284950256, "_step": 402, "quantiles_val Quantile loss": 7.435837268829346, "Test set Quantile Loss_uncalibrated": 8.549396514892578, "Test set Quantile Loss_calibration_samples": 7.444753170013428, "CQR coverage": 0.9319034048297585, "RMSE": 14.948155403137207, "_wandb": {"runtime": 443}}