{"quantiles_train Quantile loss": 5.829904715220134, "quantiles_step": 1200, "quantiles_epoch": 199, "quantiles_optimizer": "adam", "_timestamp": 1725495870.3506188, "_runtime": 511.515615940094, "_step": 402, "quantiles_val Quantile loss": 7.443623065948486, "Test set Quantile Loss_uncalibrated": 8.502532958984375, "Test set Quantile Loss_calibration_samples": 7.431054592132568, "CQR coverage": 0.9083545822708865, "RMSE": 15.49970817565918, "_wandb": {"runtime": 509}}