{"quantiles_train Quantile loss": 5.221057573954265, "quantiles_step": 1200, "quantiles_epoch": 199, "quantiles_optimizer": "adam", "_timestamp": 1731456928.912816, "_runtime": 280.33256912231445, "_step": 402, "quantiles_val Quantile loss": 6.463024616241455, "Test set Quantile Loss_uncalibrated": 7.945867538452148, "Test set Quantile Loss_calibration_samples": 6.45542573928833, "CQR coverage": 0.9223310384951032, "RMSE": 14.432177543640137, "_wandb": {"runtime": 279}}