{"quantiles_train Quantile loss": 3.996739387512207, "quantiles_step": 1200, "quantiles_epoch": 199, "quantiles_optimizer": "adam", "_timestamp": 1732880042.9476109, "_runtime": 297.1019699573517, "_step": 402, "quantiles_val Quantile loss": 5.517848491668701, "Test set Quantile Loss_uncalibrated": 6.7158379554748535, "Test set Quantile Loss_calibration_samples": 5.741037845611572, "CQR coverage": 0.9285367982158441, "RMSE": 16.5104923248291, "_wandb": {"runtime": 296}}