{"quantiles_train Quantile loss": 6.11804445584615, "quantiles_step": 1200, "quantiles_epoch": 199, "quantiles_optimizer": "adam", "_timestamp": 1725494308.459303, "_runtime": 817.1463449001312, "_step": 402, "quantiles_val Quantile loss": 7.294221878051758, "Test set Quantile Loss_uncalibrated": 7.873396873474121, "Test set Quantile Loss_calibration_samples": 7.1317925453186035, "CQR coverage": 0.9224538773061347, "RMSE": 15.267422676086426, "_wandb": {"runtime": 816}}