{"lower_train Pinball loss": 0.7341896176338196, "lower_step": 4000, "lower_epoch": 199, "lower_optimizer": "adam", "_timestamp": 1724933658.965396, "_runtime": 3075.7098300457, "_step": 804, "lower_val Pinball loss": 0.8887400031089783, "upper_train Pinball loss": 0.8353631854057312, "upper_step": 4000, "upper_epoch": 199, "upper_optimizer": "adam", "upper_val Pinball loss": 0.911815345287323, "Test set Pinball Loss_lower_test": 1.0471510887145996, "Test set Pinball Loss_upper_test": 12.578570365905762, "Test set Pinball Loss_lower_cal": 0.8981326818466187, "Test set Pinball Loss_upper_cal": 10.697078704833984, "CQR coverage": 0.29621539109379935, "_wandb": {"runtime": 3049}}