{"lower_train Pinball loss": 0.5979679652622768, "lower_step": 700, "lower_epoch": 99, "lower_optimizer": "adam", "_timestamp": 1725289610.164319, "_runtime": 390.27163195610046, "_step": 404, "lower_val Pinball loss": 1.1227515935897827, "upper_train Pinball loss": 0.7971125670841762, "upper_step": 700, "upper_epoch": 99, "upper_optimizer": "adam", "upper_val Pinball loss": 1.0114790201187134, "Test set Pinball Loss_lower_test": 0.9077893495559692, "Test set Pinball Loss_upper_test": 12.207616806030273, "Test set Pinball Loss_lower_cal": 0.9552699327468872, "Test set Pinball Loss_upper_cal": 10.605560302734375, "CQR coverage": 0.2861691542288557, "_wandb": {"runtime": 390}}