{"lower_train Pinball loss": 0.6470709443092346, "lower_step": 700, "lower_epoch": 99, "lower_optimizer": "adam", "_timestamp": 1725277738.9481542, "_runtime": 231.76346611976624, "_step": 227, "lower_val Pinball loss": 1.0295754671096802, "upper_train Pinball loss": 1.0574300459453039, "upper_step": 98, "upper_epoch": 13, "upper_optimizer": "adam", "upper_val Pinball loss": 1.0324240922927856, "_wandb": {"runtime": 232}}