{"quantiles_train Quantile loss": 25.76801902369449, "quantiles_step": 38, "quantiles_epoch": 1, "quantiles_optimizer": "adam", "_timestamp": 1729178207.3704, "_runtime": 20.124075889587402, "_step": 4, "quantiles_val Quantile loss": 10.766161918640137, "Test set Quantile Loss_uncalibrated": 10.507266998291016, "_wandb": {"runtime": 424}}