{"quantiles_train Quantile loss": 21.83343912425794, "quantiles_step": 38, "quantiles_epoch": 1, "quantiles_optimizer": "adam", "_timestamp": 1729179140.611365, "_runtime": 20.91631817817688, "_step": 4, "quantiles_val Quantile loss": 14.920921325683594, "Test set Quantile Loss_uncalibrated": 14.638145446777344, "_wandb": {"runtime": 330}}