{"quantiles_train Quantile loss": 5.722273575632196, "quantiles_step": 3800, "quantiles_epoch": 199, "quantiles_optimizer": "adam", "_timestamp": 1729252236.034498, "_runtime": 1792.7167348861694, "_step": 402, "quantiles_val Quantile loss": 6.5571675300598145, "Test set Quantile Loss_uncalibrated": 7.80157470703125, "Test set Quantile Loss_calibration_samples": 6.538532733917236, "CQR coverage": 0.945526244886962, "RMSE": 14.639457702636719, "_wandb": {"runtime": 1791}}