{"lower_train Pinball loss": 0.6136472480637687, "lower_step": 700, "lower_epoch": 99, "lower_optimizer": "adam", "_timestamp": 1725303124.575097, "_runtime": 285.03581714630127, "_step": 377, "lower_val Pinball loss": 0.8699288368225098, "upper_train Pinball loss": 0.8315601604325431, "upper_step": 623, "upper_epoch": 88, "upper_optimizer": "adam", "upper_val Pinball loss": 1.0887939929962158, "_wandb": {"runtime": 285}}