{"quantiles_train Quantile loss": 6.380108912785848, "quantiles_step": 1200, "quantiles_epoch": 199, "quantiles_optimizer": "adam", "_timestamp": 1729165948.101679, "_runtime": 413.1157600879669, "_step": 402, "quantiles_val Quantile loss": 7.499046802520752, "Test set Quantile Loss_uncalibrated": 8.340543746948242, "Test set Quantile Loss_calibration_samples": 7.635941505432129, "CQR coverage": 0.9460026998650067, "RMSE": 15.580055236816406, "_wandb": {"runtime": 412}}