{"quantiles_train Quantile loss": 4.65532112121582, "quantiles_step": 1200, "quantiles_epoch": 199, "quantiles_optimizer": "adam", "_timestamp": 1731458375.05517, "_runtime": 270.153048992157, "_step": 402, "quantiles_val Quantile loss": 7.0124735832214355, "Test set Quantile Loss_uncalibrated": 8.623358726501465, "Test set Quantile Loss_calibration_samples": 6.908308982849121, "CQR coverage": 0.9178706486958208, "RMSE": 13.98134994506836, "_wandb": {"runtime": 269}}