{"lower_train Pinball loss": 0.8492959567478725, "lower_step": 700, "lower_epoch": 99, "lower_optimizer": "adam", "_timestamp": 1725294350.67091, "_runtime": 530.8262419700623, "_step": 404, "lower_val Pinball loss": 0.9515959620475769, "upper_train Pinball loss": 0.974447888987405, "upper_step": 700, "upper_epoch": 99, "upper_optimizer": "adam", "upper_val Pinball loss": 1.038757562637329, "Test set Pinball Loss_lower_test": 1.017582654953003, "Test set Pinball Loss_upper_test": 15.831216812133789, "Test set Pinball Loss_lower_cal": 0.9886596202850342, "Test set Pinball Loss_upper_cal": 11.565832138061523, "CQR coverage": 0.14608529598981546, "_wandb": {"runtime": 530}}