{"quantiles_train Quantile loss": 7.007051658630371, "quantiles_step": 1000, "quantiles_epoch": 199, "quantiles_optimizer": "adam", "_timestamp": 1731435910.759109, "_runtime": 13310.778748989105, "_step": 402, "quantiles_val Quantile loss": 7.391326427459717, "Test set Quantile Loss_uncalibrated": 7.32879114151001, "Test set Quantile Loss_calibration_samples": 7.230362415313721, "CQR coverage": 0.9540647505352624, "RMSE": 14.991122245788574, "_wandb": {"runtime": 13309}}