{"quantiles_train Quantile loss": 36.03536319732666, "quantiles_step": 6, "quantiles_epoch": 0, "quantiles_optimizer": "adam", "_timestamp": 1725408869.176275, "_runtime": 17.03151297569275, "_step": 3, "quantiles_val Quantile loss": 13.607457160949707, "Test set Quantile Loss_quantiles_test": 14.372615814208984, "Test set Quantile Loss_quantiles_cal": 14.198783874511719, "_wandb": {"runtime": 17}}