{"quantiles_train Quantile loss": 5.196497122446696, "quantiles_step": 1200, "quantiles_epoch": 199, "quantiles_optimizer": "adam", "_timestamp": 1732883686.939106, "_runtime": 521.2775340080261, "_step": 402, "quantiles_val Quantile loss": 6.253355026245117, "Test set Quantile Loss_uncalibrated": 6.608887672424316, "Test set Quantile Loss_calibration_samples": 6.15308141708374, "CQR coverage": 0.9478776061196941, "RMSE": 17.33662223815918, "_wandb": {"runtime": 520}}