{"quantiles_train Quantile loss": 4.077670613924663, "quantiles_step": 1200, "quantiles_epoch": 199, "quantiles_optimizer": "adam", "_timestamp": 1732878091.5113542, "_runtime": 254.32516527175903, "_step": 402, "quantiles_val Quantile loss": 5.547676086425781, "Test set Quantile Loss_uncalibrated": 6.632430553436279, "Test set Quantile Loss_calibration_samples": 5.379047393798828, "CQR coverage": 0.9263066033162028, "RMSE": 16.246496200561523, "_wandb": {"runtime": 253}}