{"lower_train Pinball loss": 0.8760075058255877, "lower_step": 700, "lower_epoch": 99, "lower_optimizer": "adam", "_timestamp": 1725295710.526428, "_runtime": 548.0991699695587, "_step": 404, "lower_val Pinball loss": 0.9711511731147766, "upper_train Pinball loss": 0.9820174745150975, "upper_step": 700, "upper_epoch": 99, "upper_optimizer": "adam", "upper_val Pinball loss": 0.9609661102294922, "Test set Pinball Loss_lower_test": 0.9974073767662048, "Test set Pinball Loss_upper_test": 13.679429054260254, "Test set Pinball Loss_lower_cal": 0.959796130657196, "Test set Pinball Loss_upper_cal": 13.47382926940918, "CQR coverage": 0.13693507320178233, "_wandb": {"runtime": 548}}