{"quantiles_train Quantile loss": 5.087737321853638, "quantiles_step": 1200, "quantiles_epoch": 199, "quantiles_optimizer": "adam", "_timestamp": 1725479272.343801, "_runtime": 293.04864597320557, "_step": 402, "quantiles_val Quantile loss": 6.202118873596191, "Test set Quantile Loss_uncalibrated": 8.018692970275879, "Test set Quantile Loss_calibration_samples": 6.61691427230835, "CQR coverage": 0.7827984097740716, "RMSE": 14.445508003234863, "_wandb": {"runtime": 292}}