{"lower_train Pinball loss": 1.4897575719015939, "lower_step": 7, "lower_epoch": 0, "lower_optimizer": "adam", "_timestamp": 1725300006.7766001, "_runtime": 258.1505892276764, "_step": 8, "lower_val Pinball loss": 1.4598690271377563, "upper_train Pinball loss": 11.670202323368617, "upper_step": 7, "upper_epoch": 0, "upper_optimizer": "adam", "upper_val Pinball loss": 10.050520896911621, "Test set Pinball Loss_lower_test": 1.1767054796218872, "Test set Pinball Loss_upper_test": 17.525211334228516, "Test set Pinball Loss_lower_cal": 1.3947014808654785, "Test set Pinball Loss_upper_cal": 1.9870836734771729, "CQR coverage": 0.7473427314472881, "_wandb": {"runtime": 258}}