{"quantiles_train Quantile loss": 37.94487190246582, "quantiles_step": 6, "quantiles_epoch": 0, "quantiles_optimizer": "adam", "_timestamp": 1725411326.04219, "_runtime": 15.260845184326172, "_step": 3, "quantiles_val Quantile loss": 39.55841064453125, "Test set Quantile Loss_quantiles_test": 38.11997604370117, "Test set Quantile Loss_quantiles_cal": 39.56199264526367, "_wandb": {"runtime": 196}}