{"quantiles_train Quantile loss": 39.93126932779948, "quantiles_step": 12, "quantiles_epoch": 1, "quantiles_optimizer": "adam", "_timestamp": 1729178725.7387462, "_runtime": 9.345677137374878, "_step": 4, "quantiles_val Quantile loss": 42.34678649902344, "Test set Quantile Loss_uncalibrated": 40.47900390625, "_wandb": {"runtime": 62}}