{"quantiles_train Quantile loss": 3.730547547340393, "quantiles_step": 1200, "quantiles_epoch": 199, "quantiles_optimizer": "adam", "_timestamp": 1732880763.756222, "_runtime": 345.04563903808594, "_step": 402, "quantiles_val Quantile loss": 4.946396350860596, "Test set Quantile Loss_uncalibrated": 6.709423065185547, "Test set Quantile Loss_calibration_samples": 5.3465142250061035, "CQR coverage": 0.9246581983903811, "RMSE": 16.961700439453125, "_wandb": {"runtime": 344}}