{"lower_train Pinball loss": 1.2552097184317452, "lower_step": 7, "lower_epoch": 0, "lower_optimizer": "adam", "_timestamp": 1725059547.502292, "_runtime": 21.370515823364258, "_step": 8, "lower_val Pinball loss": 1.1840980052947998, "upper_train Pinball loss": 11.342667852129255, "upper_step": 7, "upper_epoch": 0, "upper_optimizer": "adam", "upper_val Pinball loss": 10.773595809936523, "Test set Pinball Loss_lower_test": NaN, "Test set Pinball Loss_upper_test": NaN, "Test set Pinball Loss_lower_cal": 1.1519756317138672, "Test set Pinball Loss_upper_cal": 1.203831672668457, "CQR coverage": 0.941850389910465, "_wandb": {"runtime": 20}}