{"lower_train Pinball loss": 0.632382469517844, "lower_step": 700, "lower_epoch": 99, "lower_optimizer": "adam", "_timestamp": 1725278738.652215, "_runtime": 396.14006090164185, "_step": 404, "lower_val Pinball loss": 0.8682607412338257, "upper_train Pinball loss": 0.8772235683032444, "upper_step": 700, "upper_epoch": 99, "upper_optimizer": "adam", "upper_val Pinball loss": 1.0926705598831177, "Test set Pinball Loss_lower_test": 0.9301633238792419, "Test set Pinball Loss_upper_test": 13.283120155334473, "Test set Pinball Loss_lower_cal": 0.8916721343994141, "Test set Pinball Loss_upper_cal": 12.072911262512207, "CQR coverage": 0.11841851494696243, "_wandb": {"runtime": 396}}