{"quantiles_train Quantile loss": 36.58028141657511, "quantiles_step": 6, "quantiles_epoch": 0, "quantiles_optimizer": "adam", "_timestamp": 1725407814.8920388, "_runtime": 19.55352282524109, "_step": 3, "quantiles_val Quantile loss": 40.02699279785156, "Test set Quantile Loss_quantiles_test": 38.4278564453125, "Test set Quantile Loss_quantiles_cal": 39.74480056762695, "_wandb": {"runtime": 19}}