{"quantiles_train Quantile loss": 39.44883728027344, "quantiles_step": 6, "quantiles_epoch": 0, "quantiles_optimizer": "adam", "_timestamp": 1725408437.770134, "_runtime": 16.834678888320923, "_step": 3, "quantiles_val Quantile loss": 38.494991302490234, "Test set Quantile Loss_quantiles_test": 36.58318328857422, "Test set Quantile Loss_quantiles_cal": 37.69205093383789, "_wandb": {"runtime": 116}}