{"quantiles_train Quantile loss": 4.73639440536499, "quantiles_step": 1200, "quantiles_epoch": 199, "quantiles_optimizer": "adam", "_timestamp": 1732798525.634503, "_runtime": 279.0874378681183, "_step": 402, "quantiles_val Quantile loss": 6.572157382965088, "Test set Quantile Loss_uncalibrated": 8.020039558410645, "Test set Quantile Loss_calibration_samples": 6.746492862701416, "CQR coverage": 0.9286337632114806, "RMSE": 13.629368782043457, "_wandb": {"runtime": 278}}