{"quantiles_train Quantile loss": 5.459176063537598, "quantiles_step": 1200, "quantiles_epoch": 199, "quantiles_optimizer": "adam", "_timestamp": 1732885495.699641, "_runtime": 413.650043964386, "_step": 402, "quantiles_val Quantile loss": 7.16106653213501, "Test set Quantile Loss_uncalibrated": 7.821216583251953, "Test set Quantile Loss_calibration_samples": 6.636877536773682, "CQR coverage": 0.9148792560371981, "RMSE": 19.60272216796875, "_wandb": {"runtime": 412}}