{"quantiles_train Quantile loss": 5.007034381230672, "quantiles_step": 1200, "quantiles_epoch": 199, "quantiles_optimizer": "adam", "_timestamp": 1725501099.0329258, "_runtime": 337.2447488307953, "_step": 402, "quantiles_val Quantile loss": 6.958671569824219, "Test set Quantile Loss_uncalibrated": 7.997652530670166, "Test set Quantile Loss_calibration_samples": 6.583284854888916, "CQR coverage": 0.903228934354698, "RMSE": 14.345523834228516, "_wandb": {"runtime": 335}}