{"lower_train Pinball loss": 1.4671309739351273, "lower_step": 32, "lower_epoch": 1, "lower_optimizer": "adam", "_timestamp": 1724070648.2792802, "_runtime": 37.26120114326477, "_step": 5, "higher_train Pinball loss": 8.2052610963583, "higher_step": 32, "higher_epoch": 1, "higher_optimizer": "adam", "Test set Pinball Loss_lower_test": 16.383743286132812, "Test set Pinball Loss_upper_test": 2.134387254714966, "_wandb": {"runtime": 406}}