{"quantiles_train Quantile loss": 5.912519613901774, "quantiles_step": 1200, "quantiles_epoch": 199, "quantiles_optimizer": "adam", "_timestamp": 1725500402.7741911, "_runtime": 529.9593021869659, "_step": 402, "quantiles_val Quantile loss": 7.067910194396973, "Test set Quantile Loss_uncalibrated": 8.057795524597168, "Test set Quantile Loss_calibration_samples": 7.1838603019714355, "CQR coverage": 0.9177291135443227, "RMSE": 15.399341583251953, "_wandb": {"runtime": 528}}