{"quantiles_train Quantile loss": 4.65148123105367, "quantiles_step": 1200, "quantiles_epoch": 199, "quantiles_optimizer": "adam", "_timestamp": 1731461640.083658, "_runtime": 256.60468792915344, "_step": 402, "quantiles_val Quantile loss": 7.044829368591309, "Test set Quantile Loss_uncalibrated": 8.438941955566406, "Test set Quantile Loss_calibration_samples": 6.629119873046875, "CQR coverage": 0.9196160186172792, "RMSE": 14.67855453491211, "_wandb": {"runtime": 255}}