{"quantiles_train Quantile loss": 4.819552739461263, "quantiles_step": 1200, "quantiles_epoch": 199, "quantiles_optimizer": "adam", "_timestamp": 1731459729.0290618, "_runtime": 261.30038189888, "_step": 402, "quantiles_val Quantile loss": 6.750174522399902, "Test set Quantile Loss_uncalibrated": 9.005204200744629, "Test set Quantile Loss_calibration_samples": 6.772071838378906, "CQR coverage": 0.9074953941627073, "RMSE": 16.447744369506836, "_wandb": {"runtime": 259}}