{"quantiles_train Quantile loss": 30.728691452427913, "quantiles_step": 38, "quantiles_epoch": 1, "quantiles_optimizer": "adam", "_timestamp": 1729249274.0060601, "_runtime": 26.12452507019043, "_step": 4, "quantiles_val Quantile loss": 15.213933944702148, "Test set Quantile Loss_uncalibrated": 15.050555229187012, "_wandb": {"runtime": 37}}