{"quantiles_train Quantile loss": 4.66880480448405, "quantiles_step": 1200, "quantiles_epoch": 199, "quantiles_optimizer": "adam", "_timestamp": 1725432115.131364, "_runtime": 252.77998208999634, "_step": 402, "quantiles_val Quantile loss": 6.172626495361328, "Test set Quantile Loss_uncalibrated": 8.211463928222656, "Test set Quantile Loss_calibration_samples": 6.5018391609191895, "CQR coverage": 0.8101425385435858, "RMSE": 14.599184036254883, "_wandb": {"runtime": 252}}