{"quantiles_train Quantile loss": 5.360652446746826, "quantiles_step": 1200, "quantiles_epoch": 199, "quantiles_optimizer": "adam", "_timestamp": 1725499352.5289202, "_runtime": 308.35921025276184, "_step": 402, "quantiles_val Quantile loss": 6.373076438903809, "Test set Quantile Loss_uncalibrated": 7.906700134277344, "Test set Quantile Loss_calibration_samples": 6.2960333824157715, "CQR coverage": 0.8913992048870358, "RMSE": 14.925810813903809, "_wandb": {"runtime": 306}}