{"quantiles_train Quantile loss": 5.947267055511475, "quantiles_step": 1200, "quantiles_epoch": 199, "quantiles_optimizer": "adam", "_timestamp": 1731248096.314732, "_runtime": 443.44346714019775, "_step": 402, "quantiles_val Quantile loss": 6.5845627784729, "Test set Quantile Loss_uncalibrated": 8.025054931640625, "Test set Quantile Loss_calibration_samples": 7.017781734466553, "CQR coverage": 0.9394030298485075, "RMSE": 13.853499412536621, "_wandb": {"runtime": 442}}