{"quantiles_train Quantile loss": 3.945391376813253, "quantiles_step": 1200, "quantiles_epoch": 199, "quantiles_optimizer": "adam", "_timestamp": 1732881952.4340322, "_runtime": 325.19191217422485, "_step": 402, "quantiles_val Quantile loss": 5.134485244750977, "Test set Quantile Loss_uncalibrated": 6.8565592765808105, "Test set Quantile Loss_calibration_samples": 5.1948676109313965, "CQR coverage": 0.9181615436827305, "RMSE": 17.225019454956055, "_wandb": {"runtime": 324}}