{"quantiles_train Quantile loss": 7.438814560572307, "quantiles_step": 600, "quantiles_epoch": 99, "quantiles_optimizer": "adam", "_timestamp": 1725415344.066717, "_runtime": 294.8001699447632, "_step": 202, "quantiles_val Quantile loss": 7.165797710418701, "Test set Quantile Loss_uncalibrated": 7.624024868011475, "Test set Quantile Loss_calibration_samples": 6.888538360595703, "CQR coverage": 0.8206089695515224, "RMSE": 16.583276748657227, "_wandb": {"runtime": 294}}