{"quantiles_train Quantile loss": 6.124151070912679, "quantiles_step": 1200, "quantiles_epoch": 199, "quantiles_optimizer": "adam", "_timestamp": 1725424607.104079, "_runtime": 505.8409481048584, "_step": 402, "quantiles_val Quantile loss": 7.193320274353027, "Test set Quantile Loss_uncalibrated": 7.749971389770508, "Test set Quantile Loss_calibration_samples": 6.848488807678223, "CQR coverage": 0.8126593670316484, "RMSE": 14.347128868103027, "_wandb": {"runtime": 505}}