{"lower_train Pinball loss": 0.8897485647882734, "lower_step": 700, "lower_epoch": 99, "lower_optimizer": "adam", "_timestamp": 1725296355.1808288, "_runtime": 553.9797058105469, "_step": 404, "lower_val Pinball loss": 1.0154790878295898, "upper_train Pinball loss": 0.9977653622627258, "upper_step": 700, "upper_epoch": 99, "upper_optimizer": "adam", "upper_val Pinball loss": 1.1957855224609375, "Test set Pinball Loss_lower_test": 0.9838265180587769, "Test set Pinball Loss_upper_test": 16.517749786376953, "Test set Pinball Loss_lower_cal": 0.9971181750297546, "Test set Pinball Loss_upper_cal": 12.148721694946289, "CQR coverage": 0.12199687987519503, "_wandb": {"runtime": 553}}