{"lower_train Pinball loss": 0.8304409980773926, "lower_step": 700, "lower_epoch": 99, "lower_optimizer": "adam", "_timestamp": 1725298225.443687, "_runtime": 658.39146900177, "_step": 404, "lower_val Pinball loss": 0.9608340859413147, "upper_train Pinball loss": 0.970937831061227, "upper_step": 700, "upper_epoch": 99, "upper_optimizer": "adam", "upper_val Pinball loss": 0.9193581342697144, "Test set Pinball Loss_lower_test": 0.9432443976402283, "Test set Pinball Loss_upper_test": 15.216531753540039, "Test set Pinball Loss_lower_cal": 0.9362631440162659, "Test set Pinball Loss_upper_cal": 14.352334022521973, "CQR coverage": 0.10928237129485174, "_wandb": {"runtime": 658}}