{"lower_train Pinball loss": 0.7998636960983276, "lower_step": 1050, "lower_epoch": 149, "lower_optimizer": "adam", "_timestamp": 1725005716.296434, "_runtime": 712.5211579799652, "_step": 604, "lower_val Pinball loss": 0.9529513120651245, "upper_train Pinball loss": 0.9223530462809971, "upper_step": 1050, "upper_epoch": 149, "upper_optimizer": "adam", "upper_val Pinball loss": 0.9902297854423523, "Test set Pinball Loss_lower_test": 1.060021996498108, "Test set Pinball Loss_upper_test": 12.671265602111816, "Test set Pinball Loss_lower_cal": 0.9503089189529419, "Test set Pinball Loss_upper_cal": 12.643138885498047, "CQR coverage": 0.20194143857415658, "_wandb": {"runtime": 711}}