{"quantiles_train Quantile loss": 4.821460405985515, "quantiles_step": 1200, "quantiles_epoch": 199, "quantiles_optimizer": "adam", "_timestamp": 1731461099.000018, "_runtime": 256.2386739253998, "_step": 402, "quantiles_val Quantile loss": 7.168875217437744, "Test set Quantile Loss_uncalibrated": 8.027030944824219, "Test set Quantile Loss_calibration_samples": 6.5784478187561035, "CQR coverage": 0.9319305730631242, "RMSE": 13.030256271362305, "_wandb": {"runtime": 255}}