{"quantiles_train Quantile loss": 4.9850053787231445, "quantiles_step": 1200, "quantiles_epoch": 199, "quantiles_optimizer": "adam", "_timestamp": 1731460557.5388632, "_runtime": 261.0020191669464, "_step": 402, "quantiles_val Quantile loss": 6.582645416259766, "Test set Quantile Loss_uncalibrated": 8.200504302978516, "Test set Quantile Loss_calibration_samples": 6.768977642059326, "CQR coverage": 0.9168040337438185, "RMSE": 14.225706100463867, "_wandb": {"runtime": 259}}