{"lower_train Pinball loss": 0.900307297706604, "lower_step": 700, "lower_epoch": 99, "lower_optimizer": "adam", "_timestamp": 1725286178.2611, "_runtime": 517.3638579845428, "_step": 404, "lower_val Pinball loss": 0.9252181649208069, "upper_train Pinball loss": 1.001218957560403, "upper_step": 700, "upper_epoch": 99, "upper_optimizer": "adam", "upper_val Pinball loss": 0.9386117458343506, "Test set Pinball Loss_lower_test": 1.071441888809204, "Test set Pinball Loss_upper_test": 13.5333890914917, "Test set Pinball Loss_lower_cal": 0.9401779770851135, "Test set Pinball Loss_upper_cal": 14.705697059631348, "CQR coverage": 0.14744606598984766, "_wandb": {"runtime": 517}}