{"quantiles_train Quantile loss": 30.75592121325041, "quantiles_step": 38, "quantiles_epoch": 1, "quantiles_optimizer": "adam", "_timestamp": 1729249853.147181, "_runtime": 28.89659810066223, "_step": 5, "quantiles_val Quantile loss": 12.701765060424805, "Test set Quantile Loss_uncalibrated": 13.036046028137207, "Test set Quantile Loss_calibration_samples": 13.128059387207031, "_wandb": {"runtime": 81}}