{"lower_train Pinball loss": 0.650579171521323, "lower_step": 700, "lower_epoch": 99, "lower_optimizer": "adam", "_timestamp": 1725287903.446177, "_runtime": 296.82041811943054, "_step": 404, "lower_val Pinball loss": 1.0275983810424805, "upper_train Pinball loss": 0.9294383951595852, "upper_step": 700, "upper_epoch": 99, "upper_optimizer": "adam", "upper_val Pinball loss": 1.0968643426895142, "Test set Pinball Loss_lower_test": 0.9689767956733704, "Test set Pinball Loss_upper_test": 10.133082389831543, "Test set Pinball Loss_lower_cal": 0.9184339642524719, "Test set Pinball Loss_upper_cal": 11.223355293273926, "CQR coverage": 0.24570877531340407, "_wandb": {"runtime": 296}}