{"lower_train Pinball loss": 0.6680515323366437, "lower_step": 700, "lower_epoch": 99, "lower_optimizer": "adam", "_timestamp": 1725301412.7723699, "_runtime": 444.1362488269806, "_step": 404, "lower_val Pinball loss": 1.0615813732147217, "upper_train Pinball loss": 0.8734075341905866, "upper_step": 700, "upper_epoch": 99, "upper_optimizer": "adam", "upper_val Pinball loss": 1.110710859298706, "Test set Pinball Loss_lower_test": 0.8731017708778381, "Test set Pinball Loss_upper_test": 12.152542114257812, "Test set Pinball Loss_lower_cal": 1.0311897993087769, "Test set Pinball Loss_upper_cal": 12.148272514343262, "CQR coverage": 0.18253586213536155, "_wandb": {"runtime": 444}}