{"lower_train Pinball loss": 1.4671309739351273, "lower_step": 32, "lower_epoch": 1, "lower_optimizer": "adam", "_timestamp": 1724071075.2215512, "_runtime": 33.653717279434204, "_step": 4, "higher_train Pinball loss": 8.2052610963583, "higher_step": 32, "higher_epoch": 1, "higher_optimizer": "adam", "Test set Pinball Loss_lower_test": 16.383743286132812, "_wandb": {"runtime": 249}}