{"quantiles_train Quantile loss": 44.860418955485024, "quantiles_step": 6, "quantiles_epoch": 0, "quantiles_optimizer": "adam", "_timestamp": 1725407886.218591, "_runtime": 18.620945930480957, "_step": 3, "quantiles_val Quantile loss": 31.082977294921875, "Test set Quantile Loss_quantiles_test": 32.05375671386719, "Test set Quantile Loss_quantiles_cal": 33.402252197265625, "_wandb": {"runtime": 165}}