{"lower_train Pinball loss": 1.2819581985473634, "lower_step": 6000, "lower_epoch": 299, "lower_optimizer": "adam", "_timestamp": 1724930460.306216, "_runtime": 6031.300816059113, "_step": 1204, "lower_val Pinball loss": 1.231453776359558, "upper_train Pinball loss": 1.4519633769989013, "upper_step": 6000, "upper_epoch": 299, "upper_optimizer": "adam", "upper_val Pinball loss": 1.4023404121398926, "Test set Pinball Loss_lower_test": 1.1851167678833008, "Test set Pinball Loss_upper_test": 17.874181747436523, "Test set Pinball Loss_lower_cal": 1.275383710861206, "Test set Pinball Loss_upper_cal": 19.90686798095703, "CQR coverage": 0.01615959574692072, "_wandb": {"runtime": 6030}}