{"quantiles_train Quantile loss": 7.084479904174804, "quantiles_step": 1000, "quantiles_epoch": 199, "quantiles_optimizer": "adam", "_timestamp": 1731381671.214901, "_runtime": 338.50795006752014, "_step": 402, "quantiles_val Quantile loss": 7.473592281341553, "Test set Quantile Loss_uncalibrated": 7.160238742828369, "Test set Quantile Loss_calibration_samples": 7.232654094696045, "CQR coverage": 0.958758214366644, "RMSE": 16.720964431762695, "_wandb": {"runtime": 337}}