{"quantiles_train Quantile loss": 6.403480609258016, "quantiles_step": 1200, "quantiles_epoch": 199, "quantiles_optimizer": "adam", "_timestamp": 1731249033.483166, "_runtime": 451.2222640514374, "_step": 402, "quantiles_val Quantile loss": 7.432070255279541, "Test set Quantile Loss_uncalibrated": 8.748655319213867, "Test set Quantile Loss_calibration_samples": 7.4364914894104, "CQR coverage": 0.9303284835758212, "RMSE": 15.4319429397583, "_wandb": {"runtime": 450}}