{"quantiles_train Quantile loss": 4.901337623596191, "quantiles_step": 1200, "quantiles_epoch": 199, "quantiles_optimizer": "adam", "_timestamp": 1731456052.0140412, "_runtime": 268.9853410720825, "_step": 402, "quantiles_val Quantile loss": 6.9244384765625, "Test set Quantile Loss_uncalibrated": 8.589531898498535, "Test set Quantile Loss_calibration_samples": 6.8266215324401855, "CQR coverage": 0.9124406089401726, "RMSE": 15.752350807189941, "_wandb": {"runtime": 268}}