{"quantiles_train Quantile loss": 6.136959075927734, "quantiles_step": 1200, "quantiles_epoch": 199, "quantiles_optimizer": "adam", "_timestamp": 1731250480.967519, "_runtime": 477.42409801483154, "_step": 402, "quantiles_val Quantile loss": 6.997583389282227, "Test set Quantile Loss_uncalibrated": 8.301838874816895, "Test set Quantile Loss_calibration_samples": 6.995728969573975, "CQR coverage": 0.9343032848357582, "RMSE": 15.191609382629395, "_wandb": {"runtime": 476}}