{"quantiles_train Quantile loss": 5.893241961797078, "quantiles_step": 1200, "quantiles_epoch": 199, "quantiles_optimizer": "adam", "_timestamp": 1725466656.905791, "_runtime": 796.4271960258484, "_step": 402, "quantiles_val Quantile loss": 6.999518394470215, "Test set Quantile Loss_uncalibrated": 8.172403335571289, "Test set Quantile Loss_calibration_samples": 7.314365386962891, "CQR coverage": 0.8131843407829609, "RMSE": 15.115682601928711, "_wandb": {"runtime": 793}}